GameSeed,GameName,Round,Event,Tick,Turn,PlayerCount,GameID,Player-1 rank,PlayerName-0,Player-1,Player-0,Player-0 rank,PlayerName-1
-917316452,Checkers,0,GAME_OVER,82,81,2,2,2,MCTS_v0,2,1,1,MCTS_v0
-547535208,Checkers,0,GAME_OVER,50,49,2,3,1,MCTS_v0,1,2,2,MCTS_v0
-659849858,Checkers,0,GAME_OVER,135,134,2,4,1,MCTS_v0,1,1,1,MCTS_v0
-629473439,Checkers,0,GAME_OVER,65,64,2,5,2,MCTS_v0,2,1,1,MCTS_v0
43672087,Checkers,0,GAME_OVER,62,61,2,6,2,MCTS_v0,2,1,1,MCTS_v0
1726808183,Checkers,0,GAME_OVER,123,122,2,7,1,MCTS_v0,1,1,1,MCTS_v0
310910769,Checkers,0,GAME_OVER,49,48,2,8,2,MCTS_v0,2,1,1,MCTS_v0
48755383,Checkers,0,GAME_OVER,115,114,2,9,1,MCTS_v0,1,1,1,MCTS_v0
-567388668,Checkers,0,GAME_OVER,91,90,2,10,1,MCTS_v0,1,2,2,MCTS_v0
-490944970,Checkers,0,GAME_OVER,54,53,2,11,1,MCTS_v0,1,2,2,MCTS_v0
566787608,Checkers,0,GAME_OVER,89,88,2,12,2,MCTS_v0,2,1,1,MCTS_v0
420420889,Checkers,0,GAME_OVER,51,50,2,13,1,MCTS_v0,1,2,2,MCTS_v0
-737829611,Checkers,0,GAME_OVER,142,141,2,14,1,MCTS_v0,1,1,1,MCTS_v0
-294653335,Checkers,0,GAME_OVER,48,47,2,15,1,MCTS_v0,1,2,2,MCTS_v0
-28911921,Checkers,0,GAME_OVER,58,57,2,16,2,MCTS_v0,2,1,1,MCTS_v0
-557060763,Checkers,0,GAME_OVER,53,52,2,17,1,MCTS_v0,1,2,2,MCTS_v0
817151233,Checkers,0,GAME_OVER,53,52,2,18,1,MCTS_v0,1,2,2,MCTS_v0
-1983306144,Checkers,0,GAME_OVER,105,104,2,19,1,MCTS_v0,1,1,1,MCTS_v0
264676764,Checkers,0,GAME_OVER,52,51,2,20,2,MCTS_v0,2,1,1,MCTS_v0
1126772783,Checkers,0,GAME_OVER,70,69,2,21,1,MCTS_v0,1,2,2,MCTS_v0
-1146101864,Checkers,0,GAME_OVER,59,58,2,22,2,MCTS_v0,2,1,1,MCTS_v0
1610191276,Checkers,0,GAME_OVER,144,143,2,23,1,MCTS_v0,1,1,1,MCTS_v0
715567520,Checkers,0,GAME_OVER,68,67,2,24,2,MCTS_v0,2,1,1,MCTS_v0
1546685668,Checkers,0,GAME_OVER,76,75,2,25,2,MCTS_v0,2,1,1,MCTS_v0
339833623,Checkers,0,GAME_OVER,139,138,2,26,1,MCTS_v0,1,1,1,MCTS_v0
-1776374302,Checkers,0,GAME_OVER,113,112,2,27,1,MCTS_v0,1,2,2,MCTS_v0
-2100553911,Checkers,0,GAME_OVER,107,106,2,28,1,MCTS_v0,1,2,2,MCTS_v0
995242290,Checkers,0,GAME_OVER,49,48,2,29,2,MCTS_v0,2,1,1,MCTS_v0
-36045891,Checkers,0,GAME_OVER,109,108,2,30,1,MCTS_v0,1,1,1,MCTS_v0
-1946586466,Checkers,0,GAME_OVER,45,44,2,31,1,MCTS_v0,1,2,2,MCTS_v0
-1106311670,Checkers,0,GAME_OVER,105,104,2,32,1,MCTS_v0,1,1,1,MCTS_v0
1913736871,Checkers,0,GAME_OVER,61,60,2,33,2,MCTS_v0,2,1,1,MCTS_v0
-510465378,Checkers,0,GAME_OVER,58,57,2,34,1,MCTS_v0,1,2,2,MCTS_v0
1897285066,Checkers,0,GAME_OVER,174,173,2,35,1,MCTS_v0,1,1,1,MCTS_v0
-825678514,Checkers,0,GAME_OVER,54,53,2,36,2,MCTS_v0,2,1,1,MCTS_v0
-1203220840,Checkers,0,GAME_OVER,49,48,2,37,1,MCTS_v0,1,2,2,MCTS_v0
1845988790,Checkers,0,GAME_OVER,108,107,2,38,1,MCTS_v0,1,1,1,MCTS_v0
-431150048,Checkers,0,GAME_OVER,61,60,2,39,1,MCTS_v0,1,2,2,MCTS_v0
347133097,Checkers,0,GAME_OVER,86,85,2,40,1,MCTS_v0,1,1,1,MCTS_v0
757194820,Checkers,0,GAME_OVER,65,64,2,41,1,MCTS_v0,1,2,2,MCTS_v0
1162112320,Checkers,0,GAME_OVER,133,132,2,42,2,MCTS_v0,2,1,1,MCTS_v0
-67764756,Checkers,0,GAME_OVER,127,126,2,43,1,MCTS_v0,1,1,1,MCTS_v0
489405264,Checkers,0,GAME_OVER,64,63,2,44,1,MCTS_v0,1,2,2,MCTS_v0
1041384760,Checkers,0,GAME_OVER,68,67,2,45,2,MCTS_v0,2,1,1,MCTS_v0
1941875272,Checkers,0,GAME_OVER,90,89,2,46,1,MCTS_v0,1,1,1,MCTS_v0
-1599822826,Checkers,0,GAME_OVER,130,129,2,47,1,MCTS_v0,1,1,1,MCTS_v0
-1611244853,Checkers,0,GAME_OVER,85,84,2,48,1,MCTS_v0,1,2,2,MCTS_v0
502169588,Checkers,0,GAME_OVER,51,50,2,49,1,MCTS_v0,1,2,2,MCTS_v0
810168959,Checkers,0,GAME_OVER,155,154,2,50,1,MCTS_v0,1,1,1,MCTS_v0
788373855,Checkers,0,GAME_OVER,59,58,2,51,2,MCTS_v0,2,1,1,MCTS_v0
1487247592,Checkers,0,GAME_OVER,62,61,2,52,1,MCTS_v0,1,2,2,MCTS_v0
-2013968178,Checkers,0,GAME_OVER,90,89,2,53,2,MCTS_v0,2,1,1,MCTS_v0
1830739278,Checkers,0,GAME_OVER,54,53,2,54,1,MCTS_v0,1,2,2,MCTS_v0
-344757270,Checkers,0,GAME_OVER,46,45,2,55,2,MCTS_v0,2,1,1,MCTS_v0
-1402833678,Checkers,0,GAME_OVER,62,61,2,56,1,MCTS_v0,1,2,2,MCTS_v0
427289878,Checkers,0,GAME_OVER,80,79,2,57,2,MCTS_v0,2,1,1,MCTS_v0
-1435908563,Checkers,0,GAME_OVER,105,104,2,58,1,MCTS_v0,1,1,1,MCTS_v0
1623284478,Checkers,0,GAME_OVER,55,54,2,59,2,MCTS_v0,2,1,1,MCTS_v0
-1534108637,Checkers,0,GAME_OVER,66,65,2,60,1,MCTS_v0,1,2,2,MCTS_v0
118455418,Checkers,0,GAME_OVER,72,71,2,61,1,MCTS_v0,1,2,2,MCTS_v0
1961457716,Checkers,0,GAME_OVER,56,55,2,62,1,MCTS_v0,1,2,2,MCTS_v0
469839114,Checkers,0,GAME_OVER,34,33,2,63,1,MCTS_v0,1,2,2,MCTS_v0
1577701718,Checkers,0,GAME_OVER,60,59,2,64,2,MCTS_v0,2,1,1,MCTS_v0
707586220,Checkers,0,GAME_OVER,79,78,2,65,2,MCTS_v0,2,1,1,MCTS_v0
199802609,Checkers,0,GAME_OVER,82,81,2,66,1,MCTS_v0,1,2,2,MCTS_v0
193227240,Checkers,0,GAME_OVER,52,51,2,67,1,MCTS_v0,1,2,2,MCTS_v0
1219648512,Checkers,0,GAME_OVER,57,56,2,68,2,MCTS_v0,2,1,1,MCTS_v0
261684033,Checkers,0,GAME_OVER,91,90,2,69,2,MCTS_v0,2,1,1,MCTS_v0
-355127172,Checkers,0,GAME_OVER,56,55,2,70,1,MCTS_v0,1,2,2,MCTS_v0
-160750234,Checkers,0,GAME_OVER,55,54,2,71,2,MCTS_v0,2,1,1,MCTS_v0
1326445153,Checkers,0,GAME_OVER,59,58,2,72,1,MCTS_v0,1,2,2,MCTS_v0
-1453111844,Checkers,0,GAME_OVER,71,70,2,73,1,MCTS_v0,1,2,2,MCTS_v0
-789855031,Checkers,0,GAME_OVER,104,103,2,74,1,MCTS_v0,1,1,1,MCTS_v0
713418241,Checkers,0,GAME_OVER,125,124,2,75,1,MCTS_v0,1,1,1,MCTS_v0
-1987882251,Checkers,0,GAME_OVER,73,72,2,76,2,MCTS_v0,2,1,1,MCTS_v0
-854757237,Checkers,0,GAME_OVER,101,100,2,77,1,MCTS_v0,1,2,2,MCTS_v0
1581715005,Checkers,0,GAME_OVER,50,49,2,78,2,MCTS_v0,2,1,1,MCTS_v0
-1566002189,Checkers,0,GAME_OVER,53,52,2,79,2,MCTS_v0,2,1,1,MCTS_v0
2127692081,Checkers,0,GAME_OVER,96,95,2,80,1,MCTS_v0,1,1,1,MCTS_v0
-1682797968,Checkers,0,GAME_OVER,74,73,2,81,1,MCTS_v0,1,2,2,MCTS_v0
1312810883,Checkers,0,GAME_OVER,100,99,2,82,2,MCTS_v0,2,1,1,MCTS_v0
-713976721,Checkers,0,GAME_OVER,113,112,2,83,1,MCTS_v0,1,1,1,MCTS_v0
471325035,Checkers,0,GAME_OVER,56,55,2,84,2,MCTS_v0,2,1,1,MCTS_v0
465584291,Checkers,0,GAME_OVER,45,44,2,85,1,MCTS_v0,1,2,2,MCTS_v0
-1530221921,Checkers,0,GAME_OVER,62,61,2,86,2,MCTS_v0,2,1,1,MCTS_v0
-471534294,Checkers,0,GAME_OVER,51,50,2,87,1,MCTS_v0,1,2,2,MCTS_v0
-1414959079,Checkers,0,GAME_OVER,51,50,2,88,2,MCTS_v0,2,1,1,MCTS_v0
-1798168745,Checkers,0,GAME_OVER,50,49,2,89,1,MCTS_v0,1,2,2,MCTS_v0
210257218,Checkers,0,GAME_OVER,102,101,2,90,1,MCTS_v0,1,1,1,MCTS_v0
-1805202403,Checkers,0,GAME_OVER,52,51,2,91,1,MCTS_v0,1,2,2,MCTS_v0
-1000296387,Checkers,0,GAME_OVER,60,59,2,92,2,MCTS_v0,2,1,1,MCTS_v0
-191020741,Checkers,0,GAME_OVER,84,83,2,93,1,MCTS_v0,1,1,1,MCTS_v0
-152846752,Checkers,0,GAME_OVER,52,51,2,94,1,MCTS_v0,1,2,2,MCTS_v0
29323145,Checkers,0,GAME_OVER,69,68,2,95,2,MCTS_v0,2,1,1,MCTS_v0
-999264992,Checkers,0,GAME_OVER,49,48,2,96,1,MCTS_v0,1,2,2,MCTS_v0
-1713565406,Checkers,0,GAME_OVER,50,49,2,97,2,MCTS_v0,2,1,1,MCTS_v0
1946812671,Checkers,0,GAME_OVER,62,61,2,98,2,MCTS_v0,2,1,1,MCTS_v0
55011899,Checkers,0,GAME_OVER,56,55,2,99,2,MCTS_v0,2,1,1,MCTS_v0
863165245,Checkers,0,GAME_OVER,64,63,2,100,1,MCTS_v0,1,2,2,MCTS_v0
773325285,Checkers,0,GAME_OVER,127,126,2,101,1,MCTS_v0,1,1,1,MCTS_v0
-418185134,Checkers,0,GAME_OVER,75,74,2,102,1,MCTS_v0,1,2,2,MCTS_v0
1933955089,Checkers,0,GAME_OVER,91,90,2,103,1,MCTS_v0,1,2,2,MCTS_v0
-634248064,Checkers,0,GAME_OVER,56,55,2,104,2,MCTS_v0,2,1,1,MCTS_v0
-1289920377,Checkers,0,GAME_OVER,49,48,2,105,2,MCTS_v0,2,1,1,MCTS_v0
-1064269562,Checkers,0,GAME_OVER,68,67,2,106,2,MCTS_v0,2,1,1,MCTS_v0
-1086269764,Checkers,0,GAME_OVER,69,68,2,107,2,MCTS_v0,2,1,1,MCTS_v0
1793690544,Checkers,0,GAME_OVER,47,46,2,108,2,MCTS_v0,2,1,1,MCTS_v0
-208952166,Checkers,0,GAME_OVER,57,56,2,109,1,MCTS_v0,1,2,2,MCTS_v0
-400010278,Checkers,0,GAME_OVER,70,69,2,110,1,MCTS_v0,1,2,2,MCTS_v0
-1011304762,Checkers,0,GAME_OVER,45,44,2,111,2,MCTS_v0,2,1,1,MCTS_v0
-575614168,Checkers,0,GAME_OVER,64,63,2,112,1,MCTS_v0,1,2,2,MCTS_v0
-917316452,Checkers,0,GAME_OVER,135,134,2,113,2,MCTS_v0,2,1,1,OSLA
-547535208,Checkers,0,GAME_OVER,56,55,2,114,2,MCTS_v0,2,1,1,OSLA
-659849858,Checkers,0,GAME_OVER,45,44,2,115,2,MCTS_v0,2,1,1,OSLA
-629473439,Checkers,0,GAME_OVER,55,54,2,116,2,MCTS_v0,2,1,1,OSLA
43672087,Checkers,0,GAME_OVER,56,55,2,117,2,MCTS_v0,2,1,1,OSLA
1726808183,Checkers,0,GAME_OVER,94,93,2,118,2,MCTS_v0,2,1,1,OSLA
310910769,Checkers,0,GAME_OVER,84,83,2,119,2,MCTS_v0,2,1,1,OSLA
48755383,Checkers,0,GAME_OVER,59,58,2,120,2,MCTS_v0,2,1,1,OSLA
-567388668,Checkers,0,GAME_OVER,52,51,2,121,2,MCTS_v0,2,1,1,OSLA
-490944970,Checkers,0,GAME_OVER,46,45,2,122,2,MCTS_v0,2,1,1,OSLA
566787608,Checkers,0,GAME_OVER,100,99,2,123,1,MCTS_v0,1,1,1,OSLA
420420889,Checkers,0,GAME_OVER,47,46,2,124,2,MCTS_v0,2,1,1,OSLA
-737829611,Checkers,0,GAME_OVER,65,64,2,125,2,MCTS_v0,2,1,1,OSLA
-294653335,Checkers,0,GAME_OVER,57,56,2,126,2,MCTS_v0,2,1,1,OSLA
-28911921,Checkers,0,GAME_OVER,89,88,2,127,2,MCTS_v0,2,1,1,OSLA
-557060763,Checkers,0,GAME_OVER,61,60,2,128,2,MCTS_v0,2,1,1,OSLA
817151233,Checkers,0,GAME_OVER,53,52,2,129,2,MCTS_v0,2,1,1,OSLA
-1983306144,Checkers,0,GAME_OVER,40,39,2,130,2,MCTS_v0,2,1,1,OSLA
264676764,Checkers,0,GAME_OVER,86,85,2,131,1,MCTS_v0,1,2,2,OSLA
1126772783,Checkers,0,GAME_OVER,51,50,2,132,2,MCTS_v0,2,1,1,OSLA
-1146101864,Checkers,0,GAME_OVER,58,57,2,133,1,MCTS_v0,1,2,2,OSLA
1610191276,Checkers,0,GAME_OVER,54,53,2,134,2,MCTS_v0,2,1,1,OSLA
715567520,Checkers,0,GAME_OVER,71,70,2,135,2,MCTS_v0,2,1,1,OSLA
1546685668,Checkers,0,GAME_OVER,90,89,2,136,1,MCTS_v0,1,2,2,OSLA
339833623,Checkers,0,GAME_OVER,60,59,2,137,2,MCTS_v0,2,1,1,OSLA
-1776374302,Checkers,0,GAME_OVER,80,79,2,138,2,MCTS_v0,2,1,1,OSLA
-2100553911,Checkers,0,GAME_OVER,54,53,2,139,2,MCTS_v0,2,1,1,OSLA
995242290,Checkers,0,GAME_OVER,63,62,2,140,2,MCTS_v0,2,1,1,OSLA
-36045891,Checkers,0,GAME_OVER,47,46,2,141,2,MCTS_v0,2,1,1,OSLA
-1946586466,Checkers,0,GAME_OVER,73,72,2,142,1,MCTS_v0,1,2,2,OSLA
-1106311670,Checkers,0,GAME_OVER,50,49,2,143,2,MCTS_v0,2,1,1,OSLA
1913736871,Checkers,0,GAME_OVER,86,85,2,144,1,MCTS_v0,1,2,2,OSLA
-510465378,Checkers,0,GAME_OVER,75,74,2,145,2,MCTS_v0,2,1,1,OSLA
1897285066,Checkers,0,GAME_OVER,59,58,2,146,2,MCTS_v0,2,1,1,OSLA
-825678514,Checkers,0,GAME_OVER,95,94,2,147,1,MCTS_v0,1,1,1,OSLA
-1203220840,Checkers,0,GAME_OVER,43,42,2,148,2,MCTS_v0,2,1,1,OSLA
1845988790,Checkers,0,GAME_OVER,64,63,2,149,2,MCTS_v0,2,1,1,OSLA
-431150048,Checkers,0,GAME_OVER,56,55,2,150,2,MCTS_v0,2,1,1,OSLA
347133097,Checkers,0,GAME_OVER,81,80,2,151,2,MCTS_v0,2,1,1,OSLA
757194820,Checkers,0,GAME_OVER,52,51,2,152,2,MCTS_v0,2,1,1,OSLA
1162112320,Checkers,0,GAME_OVER,58,57,2,153,2,MCTS_v0,2,1,1,OSLA
-67764756,Checkers,0,GAME_OVER,142,141,2,154,1,MCTS_v0,1,1,1,OSLA
489405264,Checkers,0,GAME_OVER,55,54,2,155,2,MCTS_v0,2,1,1,OSLA
1041384760,Checkers,0,GAME_OVER,52,51,2,156,2,MCTS_v0,2,1,1,OSLA
1941875272,Checkers,0,GAME_OVER,104,103,2,157,1,MCTS_v0,1,1,1,OSLA
-1599822826,Checkers,0,GAME_OVER,46,45,2,158,2,MCTS_v0,2,1,1,OSLA
-1611244853,Checkers,0,GAME_OVER,86,85,2,159,1,MCTS_v0,1,1,1,OSLA
502169588,Checkers,0,GAME_OVER,64,63,2,160,2,MCTS_v0,2,1,1,OSLA
810168959,Checkers,0,GAME_OVER,59,58,2,161,2,MCTS_v0,2,1,1,OSLA
788373855,Checkers,0,GAME_OVER,89,88,2,162,1,MCTS_v0,1,2,2,OSLA
1487247592,Checkers,0,GAME_OVER,46,45,2,163,2,MCTS_v0,2,1,1,OSLA
-2013968178,Checkers,0,GAME_OVER,52,51,2,164,2,MCTS_v0,2,1,1,OSLA
1830739278,Checkers,0,GAME_OVER,77,76,2,165,2,MCTS_v0,2,1,1,OSLA
-344757270,Checkers,0,GAME_OVER,53,52,2,166,2,MCTS_v0,2,1,1,OSLA
-1402833678,Checkers,0,GAME_OVER,40,39,2,167,2,MCTS_v0,2,1,1,OSLA
427289878,Checkers,0,GAME_OVER,63,62,2,168,1,MCTS_v0,1,2,2,OSLA
-1435908563,Checkers,0,GAME_OVER,48,47,2,169,2,MCTS_v0,2,1,1,OSLA
1623284478,Checkers,0,GAME_OVER,84,83,2,170,2,MCTS_v0,2,1,1,OSLA
-1534108637,Checkers,0,GAME_OVER,45,44,2,171,2,MCTS_v0,2,1,1,OSLA
118455418,Checkers,0,GAME_OVER,100,99,2,172,2,MCTS_v0,2,1,1,OSLA
1961457716,Checkers,0,GAME_OVER,90,89,2,173,2,MCTS_v0,2,1,1,OSLA
469839114,Checkers,0,GAME_OVER,167,166,2,174,2,MCTS_v0,2,1,1,OSLA
1577701718,Checkers,0,GAME_OVER,68,67,2,175,2,MCTS_v0,2,1,1,OSLA
707586220,Checkers,0,GAME_OVER,73,72,2,176,2,MCTS_v0,2,1,1,OSLA
199802609,Checkers,0,GAME_OVER,58,57,2,177,2,MCTS_v0,2,1,1,OSLA
193227240,Checkers,0,GAME_OVER,104,103,2,178,1,MCTS_v0,1,1,1,OSLA
1219648512,Checkers,0,GAME_OVER,90,89,2,179,2,MCTS_v0,2,1,1,OSLA
261684033,Checkers,0,GAME_OVER,47,46,2,180,2,MCTS_v0,2,1,1,OSLA
-355127172,Checkers,0,GAME_OVER,90,89,2,181,2,MCTS_v0,2,1,1,OSLA
-160750234,Checkers,0,GAME_OVER,59,58,2,182,2,MCTS_v0,2,1,1,OSLA
1326445153,Checkers,0,GAME_OVER,60,59,2,183,2,MCTS_v0,2,1,1,OSLA
-1453111844,Checkers,0,GAME_OVER,88,87,2,184,2,MCTS_v0,2,1,1,OSLA
-789855031,Checkers,0,GAME_OVER,49,48,2,185,2,MCTS_v0,2,1,1,OSLA
713418241,Checkers,0,GAME_OVER,46,45,2,186,2,MCTS_v0,2,1,1,OSLA
-1987882251,Checkers,0,GAME_OVER,58,57,2,187,2,MCTS_v0,2,1,1,OSLA
-854757237,Checkers,0,GAME_OVER,47,46,2,188,2,MCTS_v0,2,1,1,OSLA
1581715005,Checkers,0,GAME_OVER,60,59,2,189,2,MCTS_v0,2,1,1,OSLA
-1566002189,Checkers,0,GAME_OVER,54,53,2,190,2,MCTS_v0,2,1,1,OSLA
2127692081,Checkers,0,GAME_OVER,58,57,2,191,2,MCTS_v0,2,1,1,OSLA
-1682797968,Checkers,0,GAME_OVER,85,84,2,192,2,MCTS_v0,2,1,1,OSLA
1312810883,Checkers,0,GAME_OVER,43,42,2,193,2,MCTS_v0,2,1,1,OSLA
-713976721,Checkers,0,GAME_OVER,55,54,2,194,2,MCTS_v0,2,1,1,OSLA
471325035,Checkers,0,GAME_OVER,59,58,2,195,2,MCTS_v0,2,1,1,OSLA
465584291,Checkers,0,GAME_OVER,68,67,2,196,2,MCTS_v0,2,1,1,OSLA
-1530221921,Checkers,0,GAME_OVER,80,79,2,197,2,MCTS_v0,2,1,1,OSLA
-471534294,Checkers,0,GAME_OVER,59,58,2,198,2,MCTS_v0,2,1,1,OSLA
-1414959079,Checkers,0,GAME_OVER,57,56,2,199,2,MCTS_v0,2,1,1,OSLA
-1798168745,Checkers,0,GAME_OVER,55,54,2,200,2,MCTS_v0,2,1,1,OSLA
210257218,Checkers,0,GAME_OVER,96,95,2,201,1,MCTS_v0,1,1,1,OSLA
-1805202403,Checkers,0,GAME_OVER,78,77,2,202,2,MCTS_v0,2,1,1,OSLA
-1000296387,Checkers,0,GAME_OVER,51,50,2,203,2,MCTS_v0,2,1,1,OSLA
-191020741,Checkers,0,GAME_OVER,68,67,2,204,2,MCTS_v0,2,1,1,OSLA
-152846752,Checkers,0,GAME_OVER,155,154,2,205,1,MCTS_v0,1,1,1,OSLA
29323145,Checkers,0,GAME_OVER,103,102,2,206,2,MCTS_v0,2,1,1,OSLA
-999264992,Checkers,0,GAME_OVER,62,61,2,207,2,MCTS_v0,2,1,1,OSLA
-1713565406,Checkers,0,GAME_OVER,57,56,2,208,2,MCTS_v0,2,1,1,OSLA
1946812671,Checkers,0,GAME_OVER,46,45,2,209,2,MCTS_v0,2,1,1,OSLA
55011899,Checkers,0,GAME_OVER,61,60,2,210,2,MCTS_v0,2,1,1,OSLA
863165245,Checkers,0,GAME_OVER,80,79,2,211,2,MCTS_v0,2,1,1,OSLA
773325285,Checkers,0,GAME_OVER,52,51,2,212,2,MCTS_v0,2,1,1,OSLA
-418185134,Checkers,0,GAME_OVER,56,55,2,213,2,MCTS_v0,2,1,1,OSLA
1933955089,Checkers,0,GAME_OVER,45,44,2,214,2,MCTS_v0,2,1,1,OSLA
-634248064,Checkers,0,GAME_OVER,54,53,2,215,2,MCTS_v0,2,1,1,OSLA
-1289920377,Checkers,0,GAME_OVER,49,48,2,216,2,MCTS_v0,2,1,1,OSLA
-1064269562,Checkers,0,GAME_OVER,58,57,2,217,2,MCTS_v0,2,1,1,OSLA
-1086269764,Checkers,0,GAME_OVER,58,57,2,218,2,MCTS_v0,2,1,1,OSLA
1793690544,Checkers,0,GAME_OVER,118,117,2,219,1,MCTS_v0,1,1,1,OSLA
-208952166,Checkers,0,GAME_OVER,46,45,2,220,2,MCTS_v0,2,1,1,OSLA
-400010278,Checkers,0,GAME_OVER,34,33,2,221,2,MCTS_v0,2,1,1,OSLA
-1011304762,Checkers,0,GAME_OVER,52,51,2,222,2,MCTS_v0,2,1,1,OSLA
-575614168,Checkers,0,GAME_OVER,76,75,2,223,2,MCTS_v0,2,1,1,OSLA
-917316452,Checkers,0,GAME_OVER,30,29,2,224,2,MCTS_v0,2,1,1,Random
-547535208,Checkers,0,GAME_OVER,40,39,2,225,2,MCTS_v0,2,1,1,Random
-659849858,Checkers,0,GAME_OVER,39,38,2,226,2,MCTS_v0,2,1,1,Random
-629473439,Checkers,0,GAME_OVER,40,39,2,227,2,MCTS_v0,2,1,1,Random
43672087,Checkers,0,GAME_OVER,46,45,2,228,2,MCTS_v0,2,1,1,Random
1726808183,Checkers,0,GAME_OVER,44,43,2,229,2,MCTS_v0,2,1,1,Random
310910769,Checkers,0,GAME_OVER,32,31,2,230,2,MCTS_v0,2,1,1,Random
48755383,Checkers,0,GAME_OVER,39,38,2,231,2,MCTS_v0,2,1,1,Random
-567388668,Checkers,0,GAME_OVER,43,42,2,232,2,MCTS_v0,2,1,1,Random
-490944970,Checkers,0,GAME_OVER,46,45,2,233,2,MCTS_v0,2,1,1,Random
566787608,Checkers,0,GAME_OVER,46,45,2,234,2,MCTS_v0,2,1,1,Random
420420889,Checkers,0,GAME_OVER,43,42,2,235,2,MCTS_v0,2,1,1,Random
-737829611,Checkers,0,GAME_OVER,29,28,2,236,2,MCTS_v0,2,1,1,Random
-294653335,Checkers,0,GAME_OVER,38,37,2,237,2,MCTS_v0,2,1,1,Random
-28911921,Checkers,0,GAME_OVER,42,41,2,238,2,MCTS_v0,2,1,1,Random
-557060763,Checkers,0,GAME_OVER,42,41,2,239,2,MCTS_v0,2,1,1,Random
817151233,Checkers,0,GAME_OVER,38,37,2,240,2,MCTS_v0,2,1,1,Random
-1983306144,Checkers,0,GAME_OVER,42,41,2,241,2,MCTS_v0,2,1,1,Random
264676764,Checkers,0,GAME_OVER,40,39,2,242,2,MCTS_v0,2,1,1,Random
1126772783,Checkers,0,GAME_OVER,43,42,2,243,2,MCTS_v0,2,1,1,Random
-1146101864,Checkers,0,GAME_OVER,43,42,2,244,2,MCTS_v0,2,1,1,Random
1610191276,Checkers,0,GAME_OVER,42,41,2,245,2,MCTS_v0,2,1,1,Random
715567520,Checkers,0,GAME_OVER,47,46,2,246,2,MCTS_v0,2,1,1,Random
1546685668,Checkers,0,GAME_OVER,42,41,2,247,2,MCTS_v0,2,1,1,Random
339833623,Checkers,0,GAME_OVER,37,36,2,248,2,MCTS_v0,2,1,1,Random
-1776374302,Checkers,0,GAME_OVER,49,48,2,249,2,MCTS_v0,2,1,1,Random
-2100553911,Checkers,0,GAME_OVER,43,42,2,250,2,MCTS_v0,2,1,1,Random
995242290,Checkers,0,GAME_OVER,43,42,2,251,2,MCTS_v0,2,1,1,Random
-36045891,Checkers,0,GAME_OVER,42,41,2,252,2,MCTS_v0,2,1,1,Random
-1946586466,Checkers,0,GAME_OVER,51,50,2,253,2,MCTS_v0,2,1,1,Random
-1106311670,Checkers,0,GAME_OVER,39,38,2,254,2,MCTS_v0,2,1,1,Random
1913736871,Checkers,0,GAME_OVER,43,42,2,255,2,MCTS_v0,2,1,1,Random
-510465378,Checkers,0,GAME_OVER,44,43,2,256,2,MCTS_v0,2,1,1,Random
1897285066,Checkers,0,GAME_OVER,36,35,2,257,2,MCTS_v0,2,1,1,Random
-825678514,Checkers,0,GAME_OVER,44,43,2,258,2,MCTS_v0,2,1,1,Random
-1203220840,Checkers,0,GAME_OVER,41,40,2,259,2,MCTS_v0,2,1,1,Random
1845988790,Checkers,0,GAME_OVER,42,41,2,260,2,MCTS_v0,2,1,1,Random
-431150048,Checkers,0,GAME_OVER,45,44,2,261,2,MCTS_v0,2,1,1,Random
347133097,Checkers,0,GAME_OVER,36,35,2,262,2,MCTS_v0,2,1,1,Random
757194820,Checkers,0,GAME_OVER,34,33,2,263,2,MCTS_v0,2,1,1,Random
1162112320,Checkers,0,GAME_OVER,41,40,2,264,2,MCTS_v0,2,1,1,Random
-67764756,Checkers,0,GAME_OVER,39,38,2,265,2,MCTS_v0,2,1,1,Random
489405264,Checkers,0,GAME_OVER,45,44,2,266,2,MCTS_v0,2,1,1,Random
1041384760,Checkers,0,GAME_OVER,44,43,2,267,2,MCTS_v0,2,1,1,Random
1941875272,Checkers,0,GAME_OVER,39,38,2,268,2,MCTS_v0,2,1,1,Random
-1599822826,Checkers,0,GAME_OVER,38,37,2,269,2,MCTS_v0,2,1,1,Random
-1611244853,Checkers,0,GAME_OVER,42,41,2,270,2,MCTS_v0,2,1,1,Random
502169588,Checkers,0,GAME_OVER,43,42,2,271,2,MCTS_v0,2,1,1,Random
810168959,Checkers,0,GAME_OVER,40,39,2,272,2,MCTS_v0,2,1,1,Random
788373855,Checkers,0,GAME_OVER,47,46,2,273,2,MCTS_v0,2,1,1,Random
1487247592,Checkers,0,GAME_OVER,39,38,2,274,2,MCTS_v0,2,1,1,Random
-2013968178,Checkers,0,GAME_OVER,30,29,2,275,2,MCTS_v0,2,1,1,Random
1830739278,Checkers,0,GAME_OVER,44,43,2,276,2,MCTS_v0,2,1,1,Random
-344757270,Checkers,0,GAME_OVER,38,37,2,277,2,MCTS_v0,2,1,1,Random
-1402833678,Checkers,0,GAME_OVER,43,42,2,278,2,MCTS_v0,2,1,1,Random
427289878,Checkers,0,GAME_OVER,30,29,2,279,2,MCTS_v0,2,1,1,Random
-1435908563,Checkers,0,GAME_OVER,63,62,2,280,2,MCTS_v0,2,1,1,Random
1623284478,Checkers,0,GAME_OVER,44,43,2,281,2,MCTS_v0,2,1,1,Random
-1534108637,Checkers,0,GAME_OVER,45,44,2,282,2,MCTS_v0,2,1,1,Random
118455418,Checkers,0,GAME_OVER,45,44,2,283,2,MCTS_v0,2,1,1,Random
1961457716,Checkers,0,GAME_OVER,47,46,2,284,2,MCTS_v0,2,1,1,Random
469839114,Checkers,0,GAME_OVER,34,33,2,285,2,MCTS_v0,2,1,1,Random
1577701718,Checkers,0,GAME_OVER,38,37,2,286,2,MCTS_v0,2,1,1,Random
707586220,Checkers,0,GAME_OVER,33,32,2,287,2,MCTS_v0,2,1,1,Random
199802609,Checkers,0,GAME_OVER,39,38,2,288,2,MCTS_v0,2,1,1,Random
193227240,Checkers,0,GAME_OVER,48,47,2,289,2,MCTS_v0,2,1,1,Random
1219648512,Checkers,0,GAME_OVER,38,37,2,290,2,MCTS_v0,2,1,1,Random
261684033,Checkers,0,GAME_OVER,41,40,2,291,2,MCTS_v0,2,1,1,Random
-355127172,Checkers,0,GAME_OVER,46,45,2,292,2,MCTS_v0,2,1,1,Random
-160750234,Checkers,0,GAME_OVER,38,37,2,293,2,MCTS_v0,2,1,1,Random
1326445153,Checkers,0,GAME_OVER,40,39,2,294,2,MCTS_v0,2,1,1,Random
-1453111844,Checkers,0,GAME_OVER,48,47,2,295,2,MCTS_v0,2,1,1,Random
-789855031,Checkers,0,GAME_OVER,45,44,2,296,2,MCTS_v0,2,1,1,Random
713418241,Checkers,0,GAME_OVER,48,47,2,297,2,MCTS_v0,2,1,1,Random
-1987882251,Checkers,0,GAME_OVER,38,37,2,298,2,MCTS_v0,2,1,1,Random
-854757237,Checkers,0,GAME_OVER,38,37,2,299,2,MCTS_v0,2,1,1,Random
1581715005,Checkers,0,GAME_OVER,47,46,2,300,2,MCTS_v0,2,1,1,Random
-1566002189,Checkers,0,GAME_OVER,40,39,2,301,2,MCTS_v0,2,1,1,Random
2127692081,Checkers,0,GAME_OVER,40,39,2,302,2,MCTS_v0,2,1,1,Random
-1682797968,Checkers,0,GAME_OVER,38,37,2,303,2,MCTS_v0,2,1,1,Random
1312810883,Checkers,0,GAME_OVER,40,39,2,304,2,MCTS_v0,2,1,1,Random
-713976721,Checkers,0,GAME_OVER,40,39,2,305,2,MCTS_v0,2,1,1,Random
471325035,Checkers,0,GAME_OVER,35,34,2,306,2,MCTS_v0,2,1,1,Random
465584291,Checkers,0,GAME_OVER,44,43,2,307,2,MCTS_v0,2,1,1,Random
-1530221921,Checkers,0,GAME_OVER,39,38,2,308,2,MCTS_v0,2,1,1,Random
-471534294,Checkers,0,GAME_OVER,41,40,2,309,2,MCTS_v0,2,1,1,Random
-1414959079,Checkers,0,GAME_OVER,50,49,2,310,2,MCTS_v0,2,1,1,Random
-1798168745,Checkers,0,GAME_OVER,34,33,2,311,2,MCTS_v0,2,1,1,Random
210257218,Checkers,0,GAME_OVER,40,39,2,312,2,MCTS_v0,2,1,1,Random
-1805202403,Checkers,0,GAME_OVER,42,41,2,313,2,MCTS_v0,2,1,1,Random
-1000296387,Checkers,0,GAME_OVER,42,41,2,314,2,MCTS_v0,2,1,1,Random
-191020741,Checkers,0,GAME_OVER,41,40,2,315,2,MCTS_v0,2,1,1,Random
-152846752,Checkers,0,GAME_OVER,47,46,2,316,2,MCTS_v0,2,1,1,Random
29323145,Checkers,0,GAME_OVER,36,35,2,317,2,MCTS_v0,2,1,1,Random
-999264992,Checkers,0,GAME_OVER,39,38,2,318,2,MCTS_v0,2,1,1,Random
-1713565406,Checkers,0,GAME_OVER,38,37,2,319,2,MCTS_v0,2,1,1,Random
1946812671,Checkers,0,GAME_OVER,34,33,2,320,2,MCTS_v0,2,1,1,Random
55011899,Checkers,0,GAME_OVER,40,39,2,321,2,MCTS_v0,2,1,1,Random
863165245,Checkers,0,GAME_OVER,37,36,2,322,2,MCTS_v0,2,1,1,Random
773325285,Checkers,0,GAME_OVER,43,42,2,323,2,MCTS_v0,2,1,1,Random
-418185134,Checkers,0,GAME_OVER,42,41,2,324,2,MCTS_v0,2,1,1,Random
1933955089,Checkers,0,GAME_OVER,57,56,2,325,2,MCTS_v0,2,1,1,Random
-634248064,Checkers,0,GAME_OVER,34,33,2,326,2,MCTS_v0,2,1,1,Random
-1289920377,Checkers,0,GAME_OVER,73,72,2,327,2,MCTS_v0,2,1,1,Random
-1064269562,Checkers,0,GAME_OVER,35,34,2,328,2,MCTS_v0,2,1,1,Random
-1086269764,Checkers,0,GAME_OVER,44,43,2,329,2,MCTS_v0,2,1,1,Random
1793690544,Checkers,0,GAME_OVER,42,41,2,330,2,MCTS_v0,2,1,1,Random
-208952166,Checkers,0,GAME_OVER,41,40,2,331,2,MCTS_v0,2,1,1,Random
-400010278,Checkers,0,GAME_OVER,44,43,2,332,2,MCTS_v0,2,1,1,Random
-1011304762,Checkers,0,GAME_OVER,39,38,2,333,2,MCTS_v0,2,1,1,Random
-575614168,Checkers,0,GAME_OVER,46,45,2,334,2,MCTS_v0,2,1,1,Random
-917316452,Checkers,0,GAME_OVER,41,40,2,335,1,OSLA,1,2,2,MCTS_v0
-547535208,Checkers,0,GAME_OVER,63,62,2,336,1,OSLA,1,2,2,MCTS_v0
-659849858,Checkers,0,GAME_OVER,52,51,2,337,1,OSLA,1,2,2,MCTS_v0
-629473439,Checkers,0,GAME_OVER,143,142,2,338,1,OSLA,1,1,1,MCTS_v0
43672087,Checkers,0,GAME_OVER,69,68,2,339,1,OSLA,1,2,2,MCTS_v0
1726808183,Checkers,0,GAME_OVER,79,78,2,340,1,OSLA,1,2,2,MCTS_v0
310910769,Checkers,0,GAME_OVER,57,56,2,341,1,OSLA,1,2,2,MCTS_v0
48755383,Checkers,0,GAME_OVER,63,62,2,342,1,OSLA,1,2,2,MCTS_v0
-567388668,Checkers,0,GAME_OVER,45,44,2,343,1,OSLA,1,2,2,MCTS_v0
-490944970,Checkers,0,GAME_OVER,50,49,2,344,1,OSLA,1,2,2,MCTS_v0
566787608,Checkers,0,GAME_OVER,127,126,2,345,1,OSLA,1,1,1,MCTS_v0
420420889,Checkers,0,GAME_OVER,48,47,2,346,1,OSLA,1,2,2,MCTS_v0
-737829611,Checkers,0,GAME_OVER,144,143,2,347,1,OSLA,1,1,1,MCTS_v0
-294653335,Checkers,0,GAME_OVER,92,91,2,348,1,OSLA,1,2,2,MCTS_v0
-28911921,Checkers,0,GAME_OVER,45,44,2,349,1,OSLA,1,2,2,MCTS_v0
-557060763,Checkers,0,GAME_OVER,42,41,2,350,1,OSLA,1,2,2,MCTS_v0
817151233,Checkers,0,GAME_OVER,62,61,2,351,1,OSLA,1,2,2,MCTS_v0
-1983306144,Checkers,0,GAME_OVER,98,97,2,352,2,OSLA,2,1,1,MCTS_v0
264676764,Checkers,0,GAME_OVER,88,87,2,353,1,OSLA,1,2,2,MCTS_v0
1126772783,Checkers,0,GAME_OVER,53,52,2,354,1,OSLA,1,2,2,MCTS_v0
-1146101864,Checkers,0,GAME_OVER,83,82,2,355,1,OSLA,1,1,1,MCTS_v0
1610191276,Checkers,0,GAME_OVER,132,131,2,356,1,OSLA,1,1,1,MCTS_v0
715567520,Checkers,0,GAME_OVER,71,70,2,357,1,OSLA,1,2,2,MCTS_v0
1546685668,Checkers,0,GAME_OVER,113,112,2,358,1,OSLA,1,2,2,MCTS_v0
339833623,Checkers,0,GAME_OVER,53,52,2,359,1,OSLA,1,2,2,MCTS_v0
-1776374302,Checkers,0,GAME_OVER,59,58,2,360,1,OSLA,1,2,2,MCTS_v0
-2100553911,Checkers,0,GAME_OVER,48,47,2,361,1,OSLA,1,2,2,MCTS_v0
995242290,Checkers,0,GAME_OVER,114,113,2,362,1,OSLA,1,1,1,MCTS_v0
-36045891,Checkers,0,GAME_OVER,83,82,2,363,1,OSLA,1,2,2,MCTS_v0
-1946586466,Checkers,0,GAME_OVER,49,48,2,364,1,OSLA,1,2,2,MCTS_v0
-1106311670,Checkers,0,GAME_OVER,61,60,2,365,1,OSLA,1,2,2,MCTS_v0
1913736871,Checkers,0,GAME_OVER,66,65,2,366,1,OSLA,1,2,2,MCTS_v0
-510465378,Checkers,0,GAME_OVER,67,66,2,367,1,OSLA,1,2,2,MCTS_v0
1897285066,Checkers,0,GAME_OVER,63,62,2,368,1,OSLA,1,2,2,MCTS_v0
-825678514,Checkers,0,GAME_OVER,103,102,2,369,1,OSLA,1,2,2,MCTS_v0
-1203220840,Checkers,0,GAME_OVER,50,49,2,370,1,OSLA,1,2,2,MCTS_v0
1845988790,Checkers,0,GAME_OVER,55,54,2,371,1,OSLA,1,2,2,MCTS_v0
-431150048,Checkers,0,GAME_OVER,50,49,2,372,1,OSLA,1,2,2,MCTS_v0
347133097,Checkers,0,GAME_OVER,104,103,2,373,1,OSLA,1,1,1,MCTS_v0
757194820,Checkers,0,GAME_OVER,57,56,2,374,1,OSLA,1,2,2,MCTS_v0
1162112320,Checkers,0,GAME_OVER,121,120,2,375,1,OSLA,1,1,1,MCTS_v0
-67764756,Checkers,0,GAME_OVER,69,68,2,376,1,OSLA,1,2,2,MCTS_v0
489405264,Checkers,0,GAME_OVER,85,84,2,377,1,OSLA,1,2,2,MCTS_v0
1041384760,Checkers,0,GAME_OVER,82,81,2,378,1,OSLA,1,2,2,MCTS_v0
1941875272,Checkers,0,GAME_OVER,43,42,2,379,1,OSLA,1,2,2,MCTS_v0
-1599822826,Checkers,0,GAME_OVER,56,55,2,380,1,OSLA,1,2,2,MCTS_v0
-1611244853,Checkers,0,GAME_OVER,64,63,2,381,1,OSLA,1,2,2,MCTS_v0
502169588,Checkers,0,GAME_OVER,64,63,2,382,1,OSLA,1,2,2,MCTS_v0
810168959,Checkers,0,GAME_OVER,50,49,2,383,1,OSLA,1,2,2,MCTS_v0
788373855,Checkers,0,GAME_OVER,55,54,2,384,1,OSLA,1,2,2,MCTS_v0
1487247592,Checkers,0,GAME_OVER,51,50,2,385,2,OSLA,2,1,1,MCTS_v0
-2013968178,Checkers,0,GAME_OVER,48,47,2,386,1,OSLA,1,2,2,MCTS_v0
1830739278,Checkers,0,GAME_OVER,71,70,2,387,1,OSLA,1,2,2,MCTS_v0
-344757270,Checkers,0,GAME_OVER,49,48,2,388,1,OSLA,1,2,2,MCTS_v0
-1402833678,Checkers,0,GAME_OVER,59,58,2,389,1,OSLA,1,2,2,MCTS_v0
427289878,Checkers,0,GAME_OVER,85,84,2,390,1,OSLA,1,2,2,MCTS_v0
-1435908563,Checkers,0,GAME_OVER,48,47,2,391,2,OSLA,2,1,1,MCTS_v0
1623284478,Checkers,0,GAME_OVER,62,61,2,392,1,OSLA,1,2,2,MCTS_v0
-1534108637,Checkers,0,GAME_OVER,39,38,2,393,1,OSLA,1,2,2,MCTS_v0
118455418,Checkers,0,GAME_OVER,114,113,2,394,1,OSLA,1,1,1,MCTS_v0
1961457716,Checkers,0,GAME_OVER,89,88,2,395,1,OSLA,1,2,2,MCTS_v0
469839114,Checkers,0,GAME_OVER,131,130,2,396,2,OSLA,2,1,1,MCTS_v0
1577701718,Checkers,0,GAME_OVER,71,70,2,397,1,OSLA,1,2,2,MCTS_v0
707586220,Checkers,0,GAME_OVER,58,57,2,398,1,OSLA,1,2,2,MCTS_v0
199802609,Checkers,0,GAME_OVER,51,50,2,399,2,OSLA,2,1,1,MCTS_v0
193227240,Checkers,0,GAME_OVER,127,126,2,400,1,OSLA,1,1,1,MCTS_v0
1219648512,Checkers,0,GAME_OVER,54,53,2,401,1,OSLA,1,2,2,MCTS_v0
261684033,Checkers,0,GAME_OVER,81,80,2,402,1,OSLA,1,2,2,MCTS_v0
-355127172,Checkers,0,GAME_OVER,65,64,2,403,1,OSLA,1,2,2,MCTS_v0
-160750234,Checkers,0,GAME_OVER,59,58,2,404,1,OSLA,1,2,2,MCTS_v0
1326445153,Checkers,0,GAME_OVER,45,44,2,405,1,OSLA,1,2,2,MCTS_v0
-1453111844,Checkers,0,GAME_OVER,50,49,2,406,1,OSLA,1,2,2,MCTS_v0
-789855031,Checkers,0,GAME_OVER,57,56,2,407,1,OSLA,1,2,2,MCTS_v0
713418241,Checkers,0,GAME_OVER,97,96,2,408,1,OSLA,1,1,1,MCTS_v0
-1987882251,Checkers,0,GAME_OVER,132,131,2,409,1,OSLA,1,2,2,MCTS_v0
-854757237,Checkers,0,GAME_OVER,62,61,2,410,1,OSLA,1,2,2,MCTS_v0
1581715005,Checkers,0,GAME_OVER,70,69,2,411,1,OSLA,1,2,2,MCTS_v0
-1566002189,Checkers,0,GAME_OVER,55,54,2,412,1,OSLA,1,2,2,MCTS_v0
2127692081,Checkers,0,GAME_OVER,58,57,2,413,1,OSLA,1,2,2,MCTS_v0
-1682797968,Checkers,0,GAME_OVER,57,56,2,414,1,OSLA,1,2,2,MCTS_v0
1312810883,Checkers,0,GAME_OVER,57,56,2,415,1,OSLA,1,2,2,MCTS_v0
-713976721,Checkers,0,GAME_OVER,54,53,2,416,1,OSLA,1,2,2,MCTS_v0
471325035,Checkers,0,GAME_OVER,57,56,2,417,1,OSLA,1,2,2,MCTS_v0
465584291,Checkers,0,GAME_OVER,63,62,2,418,1,OSLA,1,2,2,MCTS_v0
-1530221921,Checkers,0,GAME_OVER,52,51,2,419,1,OSLA,1,2,2,MCTS_v0
-471534294,Checkers,0,GAME_OVER,92,91,2,420,1,OSLA,1,2,2,MCTS_v0
-1414959079,Checkers,0,GAME_OVER,77,76,2,421,1,OSLA,1,2,2,MCTS_v0
-1798168745,Checkers,0,GAME_OVER,54,53,2,422,1,OSLA,1,2,2,MCTS_v0
210257218,Checkers,0,GAME_OVER,57,56,2,423,1,OSLA,1,2,2,MCTS_v0
-1805202403,Checkers,0,GAME_OVER,57,56,2,424,1,OSLA,1,2,2,MCTS_v0
-1000296387,Checkers,0,GAME_OVER,53,52,2,425,1,OSLA,1,2,2,MCTS_v0
-191020741,Checkers,0,GAME_OVER,109,108,2,426,1,OSLA,1,1,1,MCTS_v0
-152846752,Checkers,0,GAME_OVER,59,58,2,427,1,OSLA,1,2,2,MCTS_v0
29323145,Checkers,0,GAME_OVER,58,57,2,428,1,OSLA,1,2,2,MCTS_v0
-999264992,Checkers,0,GAME_OVER,46,45,2,429,1,OSLA,1,2,2,MCTS_v0
-1713565406,Checkers,0,GAME_OVER,61,60,2,430,1,OSLA,1,2,2,MCTS_v0
1946812671,Checkers,0,GAME_OVER,86,85,2,431,1,OSLA,1,2,2,MCTS_v0
55011899,Checkers,0,GAME_OVER,41,40,2,432,1,OSLA,1,2,2,MCTS_v0
863165245,Checkers,0,GAME_OVER,79,78,2,433,1,OSLA,1,2,2,MCTS_v0
773325285,Checkers,0,GAME_OVER,55,54,2,434,1,OSLA,1,2,2,MCTS_v0
-418185134,Checkers,0,GAME_OVER,86,85,2,435,1,OSLA,1,2,2,MCTS_v0
1933955089,Checkers,0,GAME_OVER,45,44,2,436,1,OSLA,1,2,2,MCTS_v0
-634248064,Checkers,0,GAME_OVER,67,66,2,437,1,OSLA,1,2,2,MCTS_v0
-1289920377,Checkers,0,GAME_OVER,72,71,2,438,1,OSLA,1,2,2,MCTS_v0
-1064269562,Checkers,0,GAME_OVER,45,44,2,439,1,OSLA,1,2,2,MCTS_v0
-1086269764,Checkers,0,GAME_OVER,68,67,2,440,1,OSLA,1,2,2,MCTS_v0
1793690544,Checkers,0,GAME_OVER,122,121,2,441,1,OSLA,1,1,1,MCTS_v0
-208952166,Checkers,0,GAME_OVER,67,66,2,442,1,OSLA,1,2,2,MCTS_v0
-400010278,Checkers,0,GAME_OVER,125,124,2,443,1,OSLA,1,1,1,MCTS_v0
-1011304762,Checkers,0,GAME_OVER,77,76,2,444,1,OSLA,1,2,2,MCTS_v0
-575614168,Checkers,0,GAME_OVER,98,97,2,445,1,OSLA,1,1,1,MCTS_v0
-917316452,Checkers,0,GAME_OVER,42,41,2,446,1,OSLA,1,2,2,OSLA
-547535208,Checkers,0,GAME_OVER,53,52,2,447,2,OSLA,2,1,1,OSLA
-659849858,Checkers,0,GAME_OVER,65,64,2,448,1,OSLA,1,2,2,OSLA
-629473439,Checkers,0,GAME_OVER,51,50,2,449,1,OSLA,1,2,2,OSLA
43672087,Checkers,0,GAME_OVER,43,42,2,450,1,OSLA,1,2,2,OSLA
1726808183,Checkers,0,GAME_OVER,58,57,2,451,1,OSLA,1,2,2,OSLA
310910769,Checkers,0,GAME_OVER,52,51,2,452,2,OSLA,2,1,1,OSLA
48755383,Checkers,0,GAME_OVER,49,48,2,453,2,OSLA,2,1,1,OSLA
-567388668,Checkers,0,GAME_OVER,46,45,2,454,2,OSLA,2,1,1,OSLA
-490944970,Checkers,0,GAME_OVER,51,50,2,455,2,OSLA,2,1,1,OSLA
566787608,Checkers,0,GAME_OVER,122,121,2,456,1,OSLA,1,1,1,OSLA
420420889,Checkers,0,GAME_OVER,40,39,2,457,1,OSLA,1,2,2,OSLA
-737829611,Checkers,0,GAME_OVER,48,47,2,458,1,OSLA,1,2,2,OSLA
-294653335,Checkers,0,GAME_OVER,64,63,2,459,1,OSLA,1,2,2,OSLA
-28911921,Checkers,0,GAME_OVER,45,44,2,460,1,OSLA,1,2,2,OSLA
-557060763,Checkers,0,GAME_OVER,42,41,2,461,1,OSLA,1,2,2,OSLA
817151233,Checkers,0,GAME_OVER,54,53,2,462,2,OSLA,2,1,1,OSLA
-1983306144,Checkers,0,GAME_OVER,54,53,2,463,1,OSLA,1,2,2,OSLA
264676764,Checkers,0,GAME_OVER,48,47,2,464,1,OSLA,1,2,2,OSLA
1126772783,Checkers,0,GAME_OVER,50,49,2,465,2,OSLA,2,1,1,OSLA
-1146101864,Checkers,0,GAME_OVER,29,28,2,466,1,OSLA,1,2,2,OSLA
1610191276,Checkers,0,GAME_OVER,47,46,2,467,1,OSLA,1,2,2,OSLA
715567520,Checkers,0,GAME_OVER,47,46,2,468,1,OSLA,1,2,2,OSLA
1546685668,Checkers,0,GAME_OVER,42,41,2,469,1,OSLA,1,2,2,OSLA
339833623,Checkers,0,GAME_OVER,45,44,2,470,1,OSLA,1,2,2,OSLA
-1776374302,Checkers,0,GAME_OVER,39,38,2,471,2,OSLA,2,1,1,OSLA
-2100553911,Checkers,0,GAME_OVER,43,42,2,472,2,OSLA,2,1,1,OSLA
995242290,Checkers,0,GAME_OVER,96,95,2,473,1,OSLA,1,1,1,OSLA
-36045891,Checkers,0,GAME_OVER,70,69,2,474,1,OSLA,1,1,1,OSLA
-1946586466,Checkers,0,GAME_OVER,38,37,2,475,1,OSLA,1,2,2,OSLA
-1106311670,Checkers,0,GAME_OVER,105,104,2,476,1,OSLA,1,2,2,OSLA
1913736871,Checkers,0,GAME_OVER,37,36,2,477,2,OSLA,2,1,1,OSLA
-510465378,Checkers,0,GAME_OVER,47,46,2,478,1,OSLA,1,2,2,OSLA
1897285066,Checkers,0,GAME_OVER,173,172,2,479,1,OSLA,1,1,1,OSLA
-825678514,Checkers,0,GAME_OVER,115,114,2,480,1,OSLA,1,1,1,OSLA
-1203220840,Checkers,0,GAME_OVER,54,53,2,481,2,OSLA,2,1,1,OSLA
1845988790,Checkers,0,GAME_OVER,103,102,2,482,1,OSLA,1,1,1,OSLA
-431150048,Checkers,0,GAME_OVER,43,42,2,483,2,OSLA,2,1,1,OSLA
347133097,Checkers,0,GAME_OVER,42,41,2,484,1,OSLA,1,2,2,OSLA
757194820,Checkers,0,GAME_OVER,43,42,2,485,2,OSLA,2,1,1,OSLA
1162112320,Checkers,0,GAME_OVER,43,42,2,486,2,OSLA,2,1,1,OSLA
-67764756,Checkers,0,GAME_OVER,43,42,2,487,1,OSLA,1,2,2,OSLA
489405264,Checkers,0,GAME_OVER,51,50,2,488,2,OSLA,2,1,1,OSLA
1041384760,Checkers,0,GAME_OVER,137,136,2,489,1,OSLA,1,1,1,OSLA
1941875272,Checkers,0,GAME_OVER,42,41,2,490,2,OSLA,2,1,1,OSLA
-1599822826,Checkers,0,GAME_OVER,53,52,2,491,2,OSLA,2,1,1,OSLA
-1611244853,Checkers,0,GAME_OVER,45,44,2,492,2,OSLA,2,1,1,OSLA
502169588,Checkers,0,GAME_OVER,53,52,2,493,1,OSLA,1,2,2,OSLA
810168959,Checkers,0,GAME_OVER,56,55,2,494,1,OSLA,1,2,2,OSLA
788373855,Checkers,0,GAME_OVER,68,67,2,495,1,OSLA,1,2,2,OSLA
1487247592,Checkers,0,GAME_OVER,51,50,2,496,1,OSLA,1,2,2,OSLA
-2013968178,Checkers,0,GAME_OVER,46,45,2,497,2,OSLA,2,1,1,OSLA
1830739278,Checkers,0,GAME_OVER,111,110,2,498,1,OSLA,1,1,1,OSLA
-344757270,Checkers,0,GAME_OVER,29,28,2,499,1,OSLA,1,2,2,OSLA
-1402833678,Checkers,0,GAME_OVER,53,52,2,500,2,OSLA,2,1,1,OSLA
427289878,Checkers,0,GAME_OVER,68,67,2,501,1,OSLA,1,2,2,OSLA
-1435908563,Checkers,0,GAME_OVER,45,44,2,502,2,OSLA,2,1,1,OSLA
1623284478,Checkers,0,GAME_OVER,133,132,2,503,1,OSLA,1,1,1,OSLA
-1534108637,Checkers,0,GAME_OVER,43,42,2,504,2,OSLA,2,1,1,OSLA
118455418,Checkers,0,GAME_OVER,44,43,2,505,2,OSLA,2,1,1,OSLA
1961457716,Checkers,0,GAME_OVER,135,134,2,506,1,OSLA,1,1,1,OSLA
469839114,Checkers,0,GAME_OVER,59,58,2,507,2,OSLA,2,1,1,OSLA
1577701718,Checkers,0,GAME_OVER,52,51,2,508,1,OSLA,1,2,2,OSLA
707586220,Checkers,0,GAME_OVER,39,38,2,509,1,OSLA,1,2,2,OSLA
199802609,Checkers,0,GAME_OVER,190,189,2,510,1,OSLA,1,1,1,OSLA
193227240,Checkers,0,GAME_OVER,43,42,2,511,2,OSLA,2,1,1,OSLA
1219648512,Checkers,0,GAME_OVER,50,49,2,512,1,OSLA,1,2,2,OSLA
261684033,Checkers,0,GAME_OVER,129,128,2,513,1,OSLA,1,1,1,OSLA
-355127172,Checkers,0,GAME_OVER,50,49,2,514,2,OSLA,2,1,1,OSLA
-160750234,Checkers,0,GAME_OVER,127,126,2,515,1,OSLA,1,1,1,OSLA
1326445153,Checkers,0,GAME_OVER,44,43,2,516,1,OSLA,1,2,2,OSLA
-1453111844,Checkers,0,GAME_OVER,62,61,2,517,1,OSLA,1,2,2,OSLA
-789855031,Checkers,0,GAME_OVER,44,43,2,518,2,OSLA,2,1,1,OSLA
713418241,Checkers,0,GAME_OVER,52,51,2,519,1,OSLA,1,2,2,OSLA
-1987882251,Checkers,0,GAME_OVER,29,28,2,520,1,OSLA,1,2,2,OSLA
-854757237,Checkers,0,GAME_OVER,97,96,2,521,1,OSLA,1,2,2,OSLA
1581715005,Checkers,0,GAME_OVER,52,51,2,522,1,OSLA,1,2,2,OSLA
-1566002189,Checkers,0,GAME_OVER,120,119,2,523,1,OSLA,1,2,2,OSLA
2127692081,Checkers,0,GAME_OVER,40,39,2,524,1,OSLA,1,2,2,OSLA
-1682797968,Checkers,0,GAME_OVER,42,41,2,525,2,OSLA,2,1,1,OSLA
1312810883,Checkers,0,GAME_OVER,43,42,2,526,1,OSLA,1,2,2,OSLA
-713976721,Checkers,0,GAME_OVER,83,82,2,527,2,OSLA,2,1,1,OSLA
471325035,Checkers,0,GAME_OVER,45,44,2,528,1,OSLA,1,2,2,OSLA
465584291,Checkers,0,GAME_OVER,40,39,2,529,2,OSLA,2,1,1,OSLA
-1530221921,Checkers,0,GAME_OVER,91,90,2,530,1,OSLA,1,1,1,OSLA
-471534294,Checkers,0,GAME_OVER,86,85,2,531,2,OSLA,2,1,1,OSLA
-1414959079,Checkers,0,GAME_OVER,51,50,2,532,2,OSLA,2,1,1,OSLA
-1798168745,Checkers,0,GAME_OVER,49,48,2,533,2,OSLA,2,1,1,OSLA
210257218,Checkers,0,GAME_OVER,93,92,2,534,2,OSLA,2,1,1,OSLA
-1805202403,Checkers,0,GAME_OVER,46,45,2,535,2,OSLA,2,1,1,OSLA
-1000296387,Checkers,0,GAME_OVER,83,82,2,536,2,OSLA,2,1,1,OSLA
-191020741,Checkers,0,GAME_OVER,49,48,2,537,2,OSLA,2,1,1,OSLA
-152846752,Checkers,0,GAME_OVER,99,98,2,538,1,OSLA,1,1,1,OSLA
29323145,Checkers,0,GAME_OVER,64,63,2,539,2,OSLA,2,1,1,OSLA
-999264992,Checkers,0,GAME_OVER,49,48,2,540,1,OSLA,1,2,2,OSLA
-1713565406,Checkers,0,GAME_OVER,45,44,2,541,2,OSLA,2,1,1,OSLA
1946812671,Checkers,0,GAME_OVER,104,103,2,542,1,OSLA,1,1,1,OSLA
55011899,Checkers,0,GAME_OVER,42,41,2,543,1,OSLA,1,2,2,OSLA
863165245,Checkers,0,GAME_OVER,43,42,2,544,2,OSLA,2,1,1,OSLA
773325285,Checkers,0,GAME_OVER,49,48,2,545,2,OSLA,2,1,1,OSLA
-418185134,Checkers,0,GAME_OVER,97,96,2,546,1,OSLA,1,1,1,OSLA
1933955089,Checkers,0,GAME_OVER,56,55,2,547,2,OSLA,2,1,1,OSLA
-634248064,Checkers,0,GAME_OVER,50,49,2,548,1,OSLA,1,2,2,OSLA
-1289920377,Checkers,0,GAME_OVER,55,54,2,549,1,OSLA,1,2,2,OSLA
-1064269562,Checkers,0,GAME_OVER,53,52,2,550,2,OSLA,2,1,1,OSLA
-1086269764,Checkers,0,GAME_OVER,45,44,2,551,2,OSLA,2,1,1,OSLA
1793690544,Checkers,0,GAME_OVER,44,43,2,552,2,OSLA,2,1,1,OSLA
-208952166,Checkers,0,GAME_OVER,69,68,2,553,1,OSLA,1,1,1,OSLA
-400010278,Checkers,0,GAME_OVER,55,54,2,554,1,OSLA,1,2,2,OSLA
-1011304762,Checkers,0,GAME_OVER,69,68,2,555,1,OSLA,1,2,2,OSLA
-575614168,Checkers,0,GAME_OVER,48,47,2,556,2,OSLA,2,1,1,OSLA
-917316452,Checkers,0,GAME_OVER,35,34,2,557,2,OSLA,2,1,1,Random
-547535208,Checkers,0,GAME_OVER,37,36,2,558,2,OSLA,2,1,1,Random
-659849858,Checkers,0,GAME_OVER,39,38,2,559,2,OSLA,2,1,1,Random
-629473439,Checkers,0,GAME_OVER,50,49,2,560,2,OSLA,2,1,1,Random
43672087,Checkers,0,GAME_OVER,34,33,2,561,2,OSLA,2,1,1,Random
1726808183,Checkers,0,GAME_OVER,39,38,2,562,2,OSLA,2,1,1,Random
310910769,Checkers,0,GAME_OVER,38,37,2,563,2,OSLA,2,1,1,Random
48755383,Checkers,0,GAME_OVER,35,34,2,564,2,OSLA,2,1,1,Random
-567388668,Checkers,0,GAME_OVER,41,40,2,565,2,OSLA,2,1,1,Random
-490944970,Checkers,0,GAME_OVER,43,42,2,566,2,OSLA,2,1,1,Random
566787608,Checkers,0,GAME_OVER,30,29,2,567,2,OSLA,2,1,1,Random
420420889,Checkers,0,GAME_OVER,47,46,2,568,2,OSLA,2,1,1,Random
-737829611,Checkers,0,GAME_OVER,41,40,2,569,2,OSLA,2,1,1,Random
-294653335,Checkers,0,GAME_OVER,41,40,2,570,2,OSLA,2,1,1,Random
-28911921,Checkers,0,GAME_OVER,37,36,2,571,2,OSLA,2,1,1,Random
-557060763,Checkers,0,GAME_OVER,67,66,2,572,2,OSLA,2,1,1,Random
817151233,Checkers,0,GAME_OVER,40,39,2,573,2,OSLA,2,1,1,Random
-1983306144,Checkers,0,GAME_OVER,48,47,2,574,2,OSLA,2,1,1,Random
264676764,Checkers,0,GAME_OVER,42,41,2,575,2,OSLA,2,1,1,Random
1126772783,Checkers,0,GAME_OVER,33,32,2,576,2,OSLA,2,1,1,Random
-1146101864,Checkers,0,GAME_OVER,48,47,2,577,2,OSLA,2,1,1,Random
1610191276,Checkers,0,GAME_OVER,41,40,2,578,2,OSLA,2,1,1,Random
715567520,Checkers,0,GAME_OVER,40,39,2,579,2,OSLA,2,1,1,Random
1546685668,Checkers,0,GAME_OVER,44,43,2,580,2,OSLA,2,1,1,Random
339833623,Checkers,0,GAME_OVER,36,35,2,581,2,OSLA,2,1,1,Random
-1776374302,Checkers,0,GAME_OVER,45,44,2,582,2,OSLA,2,1,1,Random
-2100553911,Checkers,0,GAME_OVER,35,34,2,583,2,OSLA,2,1,1,Random
995242290,Checkers,0,GAME_OVER,37,36,2,584,2,OSLA,2,1,1,Random
-36045891,Checkers,0,GAME_OVER,37,36,2,585,2,OSLA,2,1,1,Random
-1946586466,Checkers,0,GAME_OVER,52,51,2,586,2,OSLA,2,1,1,Random
-1106311670,Checkers,0,GAME_OVER,35,34,2,587,2,OSLA,2,1,1,Random
1913736871,Checkers,0,GAME_OVER,37,36,2,588,2,OSLA,2,1,1,Random
-510465378,Checkers,0,GAME_OVER,44,43,2,589,2,OSLA,2,1,1,Random
1897285066,Checkers,0,GAME_OVER,40,39,2,590,2,OSLA,2,1,1,Random
-825678514,Checkers,0,GAME_OVER,34,33,2,591,2,OSLA,2,1,1,Random
-1203220840,Checkers,0,GAME_OVER,40,39,2,592,2,OSLA,2,1,1,Random
1845988790,Checkers,0,GAME_OVER,37,36,2,593,2,OSLA,2,1,1,Random
-431150048,Checkers,0,GAME_OVER,75,74,2,594,2,OSLA,2,1,1,Random
347133097,Checkers,0,GAME_OVER,40,39,2,595,2,OSLA,2,1,1,Random
757194820,Checkers,0,GAME_OVER,48,47,2,596,2,OSLA,2,1,1,Random
1162112320,Checkers,0,GAME_OVER,59,58,2,597,2,OSLA,2,1,1,Random
-67764756,Checkers,0,GAME_OVER,40,39,2,598,2,OSLA,2,1,1,Random
489405264,Checkers,0,GAME_OVER,34,33,2,599,2,OSLA,2,1,1,Random
1041384760,Checkers,0,GAME_OVER,40,39,2,600,2,OSLA,2,1,1,Random
1941875272,Checkers,0,GAME_OVER,44,43,2,601,2,OSLA,2,1,1,Random
-1599822826,Checkers,0,GAME_OVER,35,34,2,602,2,OSLA,2,1,1,Random
-1611244853,Checkers,0,GAME_OVER,32,31,2,603,2,OSLA,2,1,1,Random
502169588,Checkers,0,GAME_OVER,36,35,2,604,2,OSLA,2,1,1,Random
810168959,Checkers,0,GAME_OVER,40,39,2,605,2,OSLA,2,1,1,Random
788373855,Checkers,0,GAME_OVER,41,40,2,606,2,OSLA,2,1,1,Random
1487247592,Checkers,0,GAME_OVER,37,36,2,607,2,OSLA,2,1,1,Random
-2013968178,Checkers,0,GAME_OVER,42,41,2,608,2,OSLA,2,1,1,Random
1830739278,Checkers,0,GAME_OVER,45,44,2,609,2,OSLA,2,1,1,Random
-344757270,Checkers,0,GAME_OVER,35,34,2,610,2,OSLA,2,1,1,Random
-1402833678,Checkers,0,GAME_OVER,42,41,2,611,2,OSLA,2,1,1,Random
427289878,Checkers,0,GAME_OVER,61,60,2,612,2,OSLA,2,1,1,Random
-1435908563,Checkers,0,GAME_OVER,36,35,2,613,2,OSLA,2,1,1,Random
1623284478,Checkers,0,GAME_OVER,41,40,2,614,2,OSLA,2,1,1,Random
-1534108637,Checkers,0,GAME_OVER,37,36,2,615,2,OSLA,2,1,1,Random
118455418,Checkers,0,GAME_OVER,35,34,2,616,2,OSLA,2,1,1,Random
1961457716,Checkers,0,GAME_OVER,46,45,2,617,2,OSLA,2,1,1,Random
469839114,Checkers,0,GAME_OVER,43,42,2,618,2,OSLA,2,1,1,Random
1577701718,Checkers,0,GAME_OVER,46,45,2,619,2,OSLA,2,1,1,Random
707586220,Checkers,0,GAME_OVER,38,37,2,620,2,OSLA,2,1,1,Random
199802609,Checkers,0,GAME_OVER,49,48,2,621,2,OSLA,2,1,1,Random
193227240,Checkers,0,GAME_OVER,35,34,2,622,2,OSLA,2,1,1,Random
1219648512,Checkers,0,GAME_OVER,47,46,2,623,2,OSLA,2,1,1,Random
261684033,Checkers,0,GAME_OVER,36,35,2,624,2,OSLA,2,1,1,Random
-355127172,Checkers,0,GAME_OVER,41,40,2,625,2,OSLA,2,1,1,Random
-160750234,Checkers,0,GAME_OVER,38,37,2,626,2,OSLA,2,1,1,Random
1326445153,Checkers,0,GAME_OVER,50,49,2,627,2,OSLA,2,1,1,Random
-1453111844,Checkers,0,GAME_OVER,48,47,2,628,2,OSLA,2,1,1,Random
-789855031,Checkers,0,GAME_OVER,50,49,2,629,2,OSLA,2,1,1,Random
713418241,Checkers,0,GAME_OVER,37,36,2,630,2,OSLA,2,1,1,Random
-1987882251,Checkers,0,GAME_OVER,44,43,2,631,2,OSLA,2,1,1,Random
-854757237,Checkers,0,GAME_OVER,41,40,2,632,2,OSLA,2,1,1,Random
1581715005,Checkers,0,GAME_OVER,35,34,2,633,2,OSLA,2,1,1,Random
-1566002189,Checkers,0,GAME_OVER,46,45,2,634,2,OSLA,2,1,1,Random
2127692081,Checkers,0,GAME_OVER,44,43,2,635,2,OSLA,2,1,1,Random
-1682797968,Checkers,0,GAME_OVER,43,42,2,636,2,OSLA,2,1,1,Random
1312810883,Checkers,0,GAME_OVER,43,42,2,637,2,OSLA,2,1,1,Random
-713976721,Checkers,0,GAME_OVER,36,35,2,638,2,OSLA,2,1,1,Random
471325035,Checkers,0,GAME_OVER,51,50,2,639,2,OSLA,2,1,1,Random
465584291,Checkers,0,GAME_OVER,44,43,2,640,2,OSLA,2,1,1,Random
-1530221921,Checkers,0,GAME_OVER,36,35,2,641,2,OSLA,2,1,1,Random
-471534294,Checkers,0,GAME_OVER,35,34,2,642,2,OSLA,2,1,1,Random
-1414959079,Checkers,0,GAME_OVER,47,46,2,643,2,OSLA,2,1,1,Random
-1798168745,Checkers,0,GAME_OVER,34,33,2,644,2,OSLA,2,1,1,Random
210257218,Checkers,0,GAME_OVER,36,35,2,645,2,OSLA,2,1,1,Random
-1805202403,Checkers,0,GAME_OVER,53,52,2,646,2,OSLA,2,1,1,Random
-1000296387,Checkers,0,GAME_OVER,40,39,2,647,2,OSLA,2,1,1,Random
-191020741,Checkers,0,GAME_OVER,49,48,2,648,2,OSLA,2,1,1,Random
-152846752,Checkers,0,GAME_OVER,48,47,2,649,2,OSLA,2,1,1,Random
29323145,Checkers,0,GAME_OVER,48,47,2,650,2,OSLA,2,1,1,Random
-999264992,Checkers,0,GAME_OVER,39,38,2,651,2,OSLA,2,1,1,Random
-1713565406,Checkers,0,GAME_OVER,35,34,2,652,2,OSLA,2,1,1,Random
1946812671,Checkers,0,GAME_OVER,41,40,2,653,2,OSLA,2,1,1,Random
55011899,Checkers,0,GAME_OVER,35,34,2,654,2,OSLA,2,1,1,Random
863165245,Checkers,0,GAME_OVER,42,41,2,655,2,OSLA,2,1,1,Random
773325285,Checkers,0,GAME_OVER,47,46,2,656,2,OSLA,2,1,1,Random
-418185134,Checkers,0,GAME_OVER,32,31,2,657,2,OSLA,2,1,1,Random
1933955089,Checkers,0,GAME_OVER,38,37,2,658,2,OSLA,2,1,1,Random
-634248064,Checkers,0,GAME_OVER,41,40,2,659,2,OSLA,2,1,1,Random
-1289920377,Checkers,0,GAME_OVER,39,38,2,660,2,OSLA,2,1,1,Random
-1064269562,Checkers,0,GAME_OVER,42,41,2,661,2,OSLA,2,1,1,Random
-1086269764,Checkers,0,GAME_OVER,43,42,2,662,2,OSLA,2,1,1,Random
1793690544,Checkers,0,GAME_OVER,43,42,2,663,2,OSLA,2,1,1,Random
-208952166,Checkers,0,GAME_OVER,39,38,2,664,2,OSLA,2,1,1,Random
-400010278,Checkers,0,GAME_OVER,46,45,2,665,2,OSLA,2,1,1,Random
-1011304762,Checkers,0,GAME_OVER,39,38,2,666,2,OSLA,2,1,1,Random
-575614168,Checkers,0,GAME_OVER,52,51,2,667,2,OSLA,2,1,1,Random
-917316452,Checkers,0,GAME_OVER,48,47,2,668,1,Random,1,2,2,MCTS_v0
-547535208,Checkers,0,GAME_OVER,43,42,2,669,1,Random,1,2,2,MCTS_v0
-659849858,Checkers,0,GAME_OVER,41,40,2,670,1,Random,1,2,2,MCTS_v0
-629473439,Checkers,0,GAME_OVER,42,41,2,671,1,Random,1,2,2,MCTS_v0
43672087,Checkers,0,GAME_OVER,48,47,2,672,1,Random,1,2,2,MCTS_v0
1726808183,Checkers,0,GAME_OVER,43,42,2,673,1,Random,1,2,2,MCTS_v0
310910769,Checkers,0,GAME_OVER,32,31,2,674,1,Random,1,2,2,MCTS_v0
48755383,Checkers,0,GAME_OVER,37,36,2,675,1,Random,1,2,2,MCTS_v0
-567388668,Checkers,0,GAME_OVER,32,31,2,676,1,Random,1,2,2,MCTS_v0
-490944970,Checkers,0,GAME_OVER,42,41,2,677,1,Random,1,2,2,MCTS_v0
566787608,Checkers,0,GAME_OVER,50,49,2,678,1,Random,1,2,2,MCTS_v0
420420889,Checkers,0,GAME_OVER,48,47,2,679,1,Random,1,2,2,MCTS_v0
-737829611,Checkers,0,GAME_OVER,44,43,2,680,1,Random,1,2,2,MCTS_v0
-294653335,Checkers,0,GAME_OVER,46,45,2,681,1,Random,1,2,2,MCTS_v0
-28911921,Checkers,0,GAME_OVER,43,42,2,682,1,Random,1,2,2,MCTS_v0
-557060763,Checkers,0,GAME_OVER,43,42,2,683,1,Random,1,2,2,MCTS_v0
817151233,Checkers,0,GAME_OVER,43,42,2,684,1,Random,1,2,2,MCTS_v0
-1983306144,Checkers,0,GAME_OVER,38,37,2,685,1,Random,1,2,2,MCTS_v0
264676764,Checkers,0,GAME_OVER,47,46,2,686,1,Random,1,2,2,MCTS_v0
1126772783,Checkers,0,GAME_OVER,36,35,2,687,1,Random,1,2,2,MCTS_v0
-1146101864,Checkers,0,GAME_OVER,38,37,2,688,1,Random,1,2,2,MCTS_v0
1610191276,Checkers,0,GAME_OVER,45,44,2,689,1,Random,1,2,2,MCTS_v0
715567520,Checkers,0,GAME_OVER,37,36,2,690,1,Random,1,2,2,MCTS_v0
1546685668,Checkers,0,GAME_OVER,42,41,2,691,1,Random,1,2,2,MCTS_v0
339833623,Checkers,0,GAME_OVER,38,37,2,692,1,Random,1,2,2,MCTS_v0
-1776374302,Checkers,0,GAME_OVER,30,29,2,693,1,Random,1,2,2,MCTS_v0
-2100553911,Checkers,0,GAME_OVER,50,49,2,694,1,Random,1,2,2,MCTS_v0
995242290,Checkers,0,GAME_OVER,32,31,2,695,1,Random,1,2,2,MCTS_v0
-36045891,Checkers,0,GAME_OVER,45,44,2,696,1,Random,1,2,2,MCTS_v0
-1946586466,Checkers,0,GAME_OVER,46,45,2,697,1,Random,1,2,2,MCTS_v0
-1106311670,Checkers,0,GAME_OVER,40,39,2,698,1,Random,1,2,2,MCTS_v0
1913736871,Checkers,0,GAME_OVER,37,36,2,699,1,Random,1,2,2,MCTS_v0
-510465378,Checkers,0,GAME_OVER,44,43,2,700,1,Random,1,2,2,MCTS_v0
1897285066,Checkers,0,GAME_OVER,26,25,2,701,1,Random,1,2,2,MCTS_v0
-825678514,Checkers,0,GAME_OVER,41,40,2,702,1,Random,1,2,2,MCTS_v0
-1203220840,Checkers,0,GAME_OVER,35,34,2,703,1,Random,1,2,2,MCTS_v0
1845988790,Checkers,0,GAME_OVER,41,40,2,704,1,Random,1,2,2,MCTS_v0
-431150048,Checkers,0,GAME_OVER,39,38,2,705,1,Random,1,2,2,MCTS_v0
347133097,Checkers,0,GAME_OVER,38,37,2,706,1,Random,1,2,2,MCTS_v0
757194820,Checkers,0,GAME_OVER,41,40,2,707,1,Random,1,2,2,MCTS_v0
1162112320,Checkers,0,GAME_OVER,53,52,2,708,1,Random,1,2,2,MCTS_v0
-67764756,Checkers,0,GAME_OVER,38,37,2,709,1,Random,1,2,2,MCTS_v0
489405264,Checkers,0,GAME_OVER,35,34,2,710,1,Random,1,2,2,MCTS_v0
1041384760,Checkers,0,GAME_OVER,45,44,2,711,1,Random,1,2,2,MCTS_v0
1941875272,Checkers,0,GAME_OVER,50,49,2,712,1,Random,1,2,2,MCTS_v0
-1599822826,Checkers,0,GAME_OVER,40,39,2,713,1,Random,1,2,2,MCTS_v0
-1611244853,Checkers,0,GAME_OVER,39,38,2,714,1,Random,1,2,2,MCTS_v0
502169588,Checkers,0,GAME_OVER,45,44,2,715,1,Random,1,2,2,MCTS_v0
810168959,Checkers,0,GAME_OVER,49,48,2,716,1,Random,1,2,2,MCTS_v0
788373855,Checkers,0,GAME_OVER,43,42,2,717,1,Random,1,2,2,MCTS_v0
1487247592,Checkers,0,GAME_OVER,51,50,2,718,1,Random,1,2,2,MCTS_v0
-2013968178,Checkers,0,GAME_OVER,33,32,2,719,1,Random,1,2,2,MCTS_v0
1830739278,Checkers,0,GAME_OVER,43,42,2,720,1,Random,1,2,2,MCTS_v0
-344757270,Checkers,0,GAME_OVER,41,40,2,721,1,Random,1,2,2,MCTS_v0
-1402833678,Checkers,0,GAME_OVER,39,38,2,722,1,Random,1,2,2,MCTS_v0
427289878,Checkers,0,GAME_OVER,48,47,2,723,1,Random,1,2,2,MCTS_v0
-1435908563,Checkers,0,GAME_OVER,36,35,2,724,1,Random,1,2,2,MCTS_v0
1623284478,Checkers,0,GAME_OVER,47,46,2,725,1,Random,1,2,2,MCTS_v0
-1534108637,Checkers,0,GAME_OVER,39,38,2,726,1,Random,1,2,2,MCTS_v0
118455418,Checkers,0,GAME_OVER,41,40,2,727,1,Random,1,2,2,MCTS_v0
1961457716,Checkers,0,GAME_OVER,43,42,2,728,1,Random,1,2,2,MCTS_v0
469839114,Checkers,0,GAME_OVER,35,34,2,729,1,Random,1,2,2,MCTS_v0
1577701718,Checkers,0,GAME_OVER,44,43,2,730,1,Random,1,2,2,MCTS_v0
707586220,Checkers,0,GAME_OVER,56,55,2,731,1,Random,1,2,2,MCTS_v0
199802609,Checkers,0,GAME_OVER,38,37,2,732,1,Random,1,2,2,MCTS_v0
193227240,Checkers,0,GAME_OVER,36,35,2,733,1,Random,1,2,2,MCTS_v0
1219648512,Checkers,0,GAME_OVER,41,40,2,734,1,Random,1,2,2,MCTS_v0
261684033,Checkers,0,GAME_OVER,40,39,2,735,1,Random,1,2,2,MCTS_v0
-355127172,Checkers,0,GAME_OVER,41,40,2,736,1,Random,1,2,2,MCTS_v0
-160750234,Checkers,0,GAME_OVER,50,49,2,737,1,Random,1,2,2,MCTS_v0
1326445153,Checkers,0,GAME_OVER,41,40,2,738,1,Random,1,2,2,MCTS_v0
-1453111844,Checkers,0,GAME_OVER,42,41,2,739,1,Random,1,2,2,MCTS_v0
-789855031,Checkers,0,GAME_OVER,46,45,2,740,1,Random,1,2,2,MCTS_v0
713418241,Checkers,0,GAME_OVER,36,35,2,741,1,Random,1,2,2,MCTS_v0
-1987882251,Checkers,0,GAME_OVER,40,39,2,742,1,Random,1,2,2,MCTS_v0
-854757237,Checkers,0,GAME_OVER,44,43,2,743,1,Random,1,2,2,MCTS_v0
1581715005,Checkers,0,GAME_OVER,36,35,2,744,1,Random,1,2,2,MCTS_v0
-1566002189,Checkers,0,GAME_OVER,38,37,2,745,1,Random,1,2,2,MCTS_v0
2127692081,Checkers,0,GAME_OVER,43,42,2,746,1,Random,1,2,2,MCTS_v0
-1682797968,Checkers,0,GAME_OVER,31,30,2,747,1,Random,1,2,2,MCTS_v0
1312810883,Checkers,0,GAME_OVER,41,40,2,748,1,Random,1,2,2,MCTS_v0
-713976721,Checkers,0,GAME_OVER,38,37,2,749,1,Random,1,2,2,MCTS_v0
471325035,Checkers,0,GAME_OVER,39,38,2,750,1,Random,1,2,2,MCTS_v0
465584291,Checkers,0,GAME_OVER,44,43,2,751,1,Random,1,2,2,MCTS_v0
-1530221921,Checkers,0,GAME_OVER,40,39,2,752,1,Random,1,2,2,MCTS_v0
-471534294,Checkers,0,GAME_OVER,49,48,2,753,1,Random,1,2,2,MCTS_v0
-1414959079,Checkers,0,GAME_OVER,49,48,2,754,1,Random,1,2,2,MCTS_v0
-1798168745,Checkers,0,GAME_OVER,38,37,2,755,1,Random,1,2,2,MCTS_v0
210257218,Checkers,0,GAME_OVER,41,40,2,756,1,Random,1,2,2,MCTS_v0
-1805202403,Checkers,0,GAME_OVER,42,41,2,757,1,Random,1,2,2,MCTS_v0
-1000296387,Checkers,0,GAME_OVER,38,37,2,758,1,Random,1,2,2,MCTS_v0
-191020741,Checkers,0,GAME_OVER,38,37,2,759,1,Random,1,2,2,MCTS_v0
-152846752,Checkers,0,GAME_OVER,35,34,2,760,1,Random,1,2,2,MCTS_v0
29323145,Checkers,0,GAME_OVER,50,49,2,761,1,Random,1,2,2,MCTS_v0
-999264992,Checkers,0,GAME_OVER,37,36,2,762,1,Random,1,2,2,MCTS_v0
-1713565406,Checkers,0,GAME_OVER,44,43,2,763,1,Random,1,2,2,MCTS_v0
1946812671,Checkers,0,GAME_OVER,43,42,2,764,1,Random,1,2,2,MCTS_v0
55011899,Checkers,0,GAME_OVER,28,27,2,765,1,Random,1,2,2,MCTS_v0
863165245,Checkers,0,GAME_OVER,40,39,2,766,1,Random,1,2,2,MCTS_v0
773325285,Checkers,0,GAME_OVER,38,37,2,767,1,Random,1,2,2,MCTS_v0
-418185134,Checkers,0,GAME_OVER,48,47,2,768,1,Random,1,2,2,MCTS_v0
1933955089,Checkers,0,GAME_OVER,45,44,2,769,1,Random,1,2,2,MCTS_v0
-634248064,Checkers,0,GAME_OVER,45,44,2,770,1,Random,1,2,2,MCTS_v0
-1289920377,Checkers,0,GAME_OVER,43,42,2,771,1,Random,1,2,2,MCTS_v0
-1064269562,Checkers,0,GAME_OVER,36,35,2,772,1,Random,1,2,2,MCTS_v0
-1086269764,Checkers,0,GAME_OVER,41,40,2,773,1,Random,1,2,2,MCTS_v0
1793690544,Checkers,0,GAME_OVER,43,42,2,774,1,Random,1,2,2,MCTS_v0
-208952166,Checkers,0,GAME_OVER,34,33,2,775,1,Random,1,2,2,MCTS_v0
-400010278,Checkers,0,GAME_OVER,62,61,2,776,1,Random,1,2,2,MCTS_v0
-1011304762,Checkers,0,GAME_OVER,39,38,2,777,1,Random,1,2,2,MCTS_v0
-575614168,Checkers,0,GAME_OVER,43,42,2,778,1,Random,1,2,2,MCTS_v0
-917316452,Checkers,0,GAME_OVER,43,42,2,779,1,Random,1,2,2,OSLA
-547535208,Checkers,0,GAME_OVER,45,44,2,780,1,Random,1,2,2,OSLA
-659849858,Checkers,0,GAME_OVER,39,38,2,781,1,Random,1,2,2,OSLA
-629473439,Checkers,0,GAME_OVER,37,36,2,782,1,Random,1,2,2,OSLA
43672087,Checkers,0,GAME_OVER,39,38,2,783,1,Random,1,2,2,OSLA
1726808183,Checkers,0,GAME_OVER,46,45,2,784,1,Random,1,2,2,OSLA
310910769,Checkers,0,GAME_OVER,43,42,2,785,1,Random,1,2,2,OSLA
48755383,Checkers,0,GAME_OVER,37,36,2,786,1,Random,1,2,2,OSLA
-567388668,Checkers,0,GAME_OVER,46,45,2,787,1,Random,1,2,2,OSLA
-490944970,Checkers,0,GAME_OVER,35,34,2,788,1,Random,1,2,2,OSLA
566787608,Checkers,0,GAME_OVER,34,33,2,789,1,Random,1,2,2,OSLA
420420889,Checkers,0,GAME_OVER,56,55,2,790,1,Random,1,2,2,OSLA
-737829611,Checkers,0,GAME_OVER,46,45,2,791,2,Random,2,1,1,OSLA
-294653335,Checkers,0,GAME_OVER,41,40,2,792,1,Random,1,2,2,OSLA
-28911921,Checkers,0,GAME_OVER,45,44,2,793,1,Random,1,2,2,OSLA
-557060763,Checkers,0,GAME_OVER,49,48,2,794,1,Random,1,2,2,OSLA
817151233,Checkers,0,GAME_OVER,44,43,2,795,1,Random,1,2,2,OSLA
-1983306144,Checkers,0,GAME_OVER,43,42,2,796,1,Random,1,2,2,OSLA
264676764,Checkers,0,GAME_OVER,41,40,2,797,1,Random,1,2,2,OSLA
1126772783,Checkers,0,GAME_OVER,45,44,2,798,1,Random,1,2,2,OSLA
-1146101864,Checkers,0,GAME_OVER,46,45,2,799,1,Random,1,2,2,OSLA
1610191276,Checkers,0,GAME_OVER,40,39,2,800,1,Random,1,2,2,OSLA
715567520,Checkers,0,GAME_OVER,27,26,2,801,1,Random,1,2,2,OSLA
1546685668,Checkers,0,GAME_OVER,37,36,2,802,1,Random,1,2,2,OSLA
339833623,Checkers,0,GAME_OVER,39,38,2,803,1,Random,1,2,2,OSLA
-1776374302,Checkers,0,GAME_OVER,38,37,2,804,1,Random,1,2,2,OSLA
-2100553911,Checkers,0,GAME_OVER,62,61,2,805,1,Random,1,2,2,OSLA
995242290,Checkers,0,GAME_OVER,37,36,2,806,1,Random,1,2,2,OSLA
-36045891,Checkers,0,GAME_OVER,48,47,2,807,1,Random,1,2,2,OSLA
-1946586466,Checkers,0,GAME_OVER,43,42,2,808,1,Random,1,2,2,OSLA
-1106311670,Checkers,0,GAME_OVER,38,37,2,809,1,Random,1,2,2,OSLA
1913736871,Checkers,0,GAME_OVER,40,39,2,810,1,Random,1,2,2,OSLA
-510465378,Checkers,0,GAME_OVER,40,39,2,811,1,Random,1,2,2,OSLA
1897285066,Checkers,0,GAME_OVER,34,33,2,812,1,Random,1,2,2,OSLA
-825678514,Checkers,0,GAME_OVER,40,39,2,813,1,Random,1,2,2,OSLA
-1203220840,Checkers,0,GAME_OVER,45,44,2,814,1,Random,1,2,2,OSLA
1845988790,Checkers,0,GAME_OVER,39,38,2,815,1,Random,1,2,2,OSLA
-431150048,Checkers,0,GAME_OVER,38,37,2,816,1,Random,1,2,2,OSLA
347133097,Checkers,0,GAME_OVER,63,62,2,817,1,Random,1,2,2,OSLA
757194820,Checkers,0,GAME_OVER,38,37,2,818,1,Random,1,2,2,OSLA
1162112320,Checkers,0,GAME_OVER,54,53,2,819,1,Random,1,2,2,OSLA
-67764756,Checkers,0,GAME_OVER,44,43,2,820,1,Random,1,2,2,OSLA
489405264,Checkers,0,GAME_OVER,43,42,2,821,1,Random,1,2,2,OSLA
1041384760,Checkers,0,GAME_OVER,35,34,2,822,1,Random,1,2,2,OSLA
1941875272,Checkers,0,GAME_OVER,40,39,2,823,1,Random,1,2,2,OSLA
-1599822826,Checkers,0,GAME_OVER,43,42,2,824,1,Random,1,2,2,OSLA
-1611244853,Checkers,0,GAME_OVER,31,30,2,825,1,Random,1,2,2,OSLA
502169588,Checkers,0,GAME_OVER,49,48,2,826,1,Random,1,2,2,OSLA
810168959,Checkers,0,GAME_OVER,33,32,2,827,1,Random,1,2,2,OSLA
788373855,Checkers,0,GAME_OVER,34,33,2,828,1,Random,1,2,2,OSLA
1487247592,Checkers,0,GAME_OVER,35,34,2,829,1,Random,1,2,2,OSLA
-2013968178,Checkers,0,GAME_OVER,47,46,2,830,1,Random,1,2,2,OSLA
1830739278,Checkers,0,GAME_OVER,45,44,2,831,1,Random,1,2,2,OSLA
-344757270,Checkers,0,GAME_OVER,47,46,2,832,1,Random,1,2,2,OSLA
-1402833678,Checkers,0,GAME_OVER,42,41,2,833,1,Random,1,2,2,OSLA
427289878,Checkers,0,GAME_OVER,39,38,2,834,1,Random,1,2,2,OSLA
-1435908563,Checkers,0,GAME_OVER,34,33,2,835,1,Random,1,2,2,OSLA
1623284478,Checkers,0,GAME_OVER,36,35,2,836,1,Random,1,2,2,OSLA
-1534108637,Checkers,0,GAME_OVER,34,33,2,837,1,Random,1,2,2,OSLA
118455418,Checkers,0,GAME_OVER,39,38,2,838,1,Random,1,2,2,OSLA
1961457716,Checkers,0,GAME_OVER,30,29,2,839,1,Random,1,2,2,OSLA
469839114,Checkers,0,GAME_OVER,48,47,2,840,1,Random,1,2,2,OSLA
1577701718,Checkers,0,GAME_OVER,31,30,2,841,1,Random,1,2,2,OSLA
707586220,Checkers,0,GAME_OVER,35,34,2,842,1,Random,1,2,2,OSLA
199802609,Checkers,0,GAME_OVER,35,34,2,843,1,Random,1,2,2,OSLA
193227240,Checkers,0,GAME_OVER,44,43,2,844,1,Random,1,2,2,OSLA
1219648512,Checkers,0,GAME_OVER,43,42,2,845,1,Random,1,2,2,OSLA
261684033,Checkers,0,GAME_OVER,36,35,2,846,1,Random,1,2,2,OSLA
-355127172,Checkers,0,GAME_OVER,42,41,2,847,1,Random,1,2,2,OSLA
-160750234,Checkers,0,GAME_OVER,32,31,2,848,1,Random,1,2,2,OSLA
1326445153,Checkers,0,GAME_OVER,39,38,2,849,1,Random,1,2,2,OSLA
-1453111844,Checkers,0,GAME_OVER,34,33,2,850,1,Random,1,2,2,OSLA
-789855031,Checkers,0,GAME_OVER,44,43,2,851,1,Random,1,2,2,OSLA
713418241,Checkers,0,GAME_OVER,33,32,2,852,1,Random,1,2,2,OSLA
-1987882251,Checkers,0,GAME_OVER,47,46,2,853,1,Random,1,2,2,OSLA
-854757237,Checkers,0,GAME_OVER,34,33,2,854,1,Random,1,2,2,OSLA
1581715005,Checkers,0,GAME_OVER,46,45,2,855,1,Random,1,2,2,OSLA
-1566002189,Checkers,0,GAME_OVER,34,33,2,856,1,Random,1,2,2,OSLA
2127692081,Checkers,0,GAME_OVER,44,43,2,857,1,Random,1,2,2,OSLA
-1682797968,Checkers,0,GAME_OVER,33,32,2,858,1,Random,1,2,2,OSLA
1312810883,Checkers,0,GAME_OVER,38,37,2,859,1,Random,1,2,2,OSLA
-713976721,Checkers,0,GAME_OVER,34,33,2,860,1,Random,1,2,2,OSLA
471325035,Checkers,0,GAME_OVER,38,37,2,861,1,Random,1,2,2,OSLA
465584291,Checkers,0,GAME_OVER,36,35,2,862,1,Random,1,2,2,OSLA
-1530221921,Checkers,0,GAME_OVER,35,34,2,863,1,Random,1,2,2,OSLA
-471534294,Checkers,0,GAME_OVER,45,44,2,864,1,Random,1,2,2,OSLA
-1414959079,Checkers,0,GAME_OVER,46,45,2,865,1,Random,1,2,2,OSLA
-1798168745,Checkers,0,GAME_OVER,46,45,2,866,1,Random,1,2,2,OSLA
210257218,Checkers,0,GAME_OVER,40,39,2,867,1,Random,1,2,2,OSLA
-1805202403,Checkers,0,GAME_OVER,34,33,2,868,1,Random,1,2,2,OSLA
-1000296387,Checkers,0,GAME_OVER,33,32,2,869,1,Random,1,2,2,OSLA
-191020741,Checkers,0,GAME_OVER,36,35,2,870,1,Random,1,2,2,OSLA
-152846752,Checkers,0,GAME_OVER,39,38,2,871,1,Random,1,2,2,OSLA
29323145,Checkers,0,GAME_OVER,49,48,2,872,1,Random,1,2,2,OSLA
-999264992,Checkers,0,GAME_OVER,31,30,2,873,1,Random,1,2,2,OSLA
-1713565406,Checkers,0,GAME_OVER,35,34,2,874,1,Random,1,2,2,OSLA
1946812671,Checkers,0,GAME_OVER,63,62,2,875,1,Random,1,2,2,OSLA
55011899,Checkers,0,GAME_OVER,30,29,2,876,1,Random,1,2,2,OSLA
863165245,Checkers,0,GAME_OVER,41,40,2,877,1,Random,1,2,2,OSLA
773325285,Checkers,0,GAME_OVER,59,58,2,878,1,Random,1,2,2,OSLA
-418185134,Checkers,0,GAME_OVER,45,44,2,879,1,Random,1,2,2,OSLA
1933955089,Checkers,0,GAME_OVER,48,47,2,880,1,Random,1,2,2,OSLA
-634248064,Checkers,0,GAME_OVER,42,41,2,881,1,Random,1,2,2,OSLA
-1289920377,Checkers,0,GAME_OVER,37,36,2,882,1,Random,1,2,2,OSLA
-1064269562,Checkers,0,GAME_OVER,31,30,2,883,1,Random,1,2,2,OSLA
-1086269764,Checkers,0,GAME_OVER,45,44,2,884,1,Random,1,2,2,OSLA
1793690544,Checkers,0,GAME_OVER,38,37,2,885,1,Random,1,2,2,OSLA
-208952166,Checkers,0,GAME_OVER,27,26,2,886,1,Random,1,2,2,OSLA
-400010278,Checkers,0,GAME_OVER,38,37,2,887,1,Random,1,2,2,OSLA
-1011304762,Checkers,0,GAME_OVER,38,37,2,888,1,Random,1,2,2,OSLA
-575614168,Checkers,0,GAME_OVER,59,58,2,889,1,Random,1,2,2,OSLA
-917316452,Checkers,0,GAME_OVER,46,45,2,890,1,Random,1,2,2,Random
-547535208,Checkers,0,GAME_OVER,50,49,2,891,1,Random,1,2,2,Random
-659849858,Checkers,0,GAME_OVER,46,45,2,892,2,Random,2,1,1,Random
-629473439,Checkers,0,GAME_OVER,44,43,2,893,1,Random,1,2,2,Random
43672087,Checkers,0,GAME_OVER,42,41,2,894,1,Random,1,2,2,Random
1726808183,Checkers,0,GAME_OVER,56,55,2,895,1,Random,1,2,2,Random
310910769,Checkers,0,GAME_OVER,58,57,2,896,2,Random,2,1,1,Random
48755383,Checkers,0,GAME_OVER,62,61,2,897,1,Random,1,2,2,Random
-567388668,Checkers,0,GAME_OVER,61,60,2,898,2,Random,2,1,1,Random
-490944970,Checkers,0,GAME_OVER,40,39,2,899,1,Random,1,2,2,Random
566787608,Checkers,0,GAME_OVER,65,64,2,900,2,Random,2,1,1,Random
420420889,Checkers,0,GAME_OVER,44,43,2,901,1,Random,1,2,2,Random
-737829611,Checkers,0,GAME_OVER,47,46,2,902,1,Random,1,2,2,Random
-294653335,Checkers,0,GAME_OVER,48,47,2,903,1,Random,1,2,2,Random
-28911921,Checkers,0,GAME_OVER,45,44,2,904,1,Random,1,2,2,Random
-557060763,Checkers,0,GAME_OVER,32,31,2,905,2,Random,2,1,1,Random
817151233,Checkers,0,GAME_OVER,67,66,2,906,1,Random,1,2,2,Random
-1983306144,Checkers,0,GAME_OVER,53,52,2,907,1,Random,1,2,2,Random
264676764,Checkers,0,GAME_OVER,48,47,2,908,1,Random,1,2,2,Random
1126772783,Checkers,0,GAME_OVER,48,47,2,909,1,Random,1,2,2,Random
-1146101864,Checkers,0,GAME_OVER,45,44,2,910,1,Random,1,2,2,Random
1610191276,Checkers,0,GAME_OVER,40,39,2,911,2,Random,2,1,1,Random
715567520,Checkers,0,GAME_OVER,52,51,2,912,2,Random,2,1,1,Random
1546685668,Checkers,0,GAME_OVER,73,72,2,913,2,Random,2,1,1,Random
339833623,Checkers,0,GAME_OVER,59,58,2,914,2,Random,2,1,1,Random
-1776374302,Checkers,0,GAME_OVER,66,65,2,915,1,Random,1,2,2,Random
-2100553911,Checkers,0,GAME_OVER,42,41,2,916,2,Random,2,1,1,Random
995242290,Checkers,0,GAME_OVER,55,54,2,917,1,Random,1,2,2,Random
-36045891,Checkers,0,GAME_OVER,40,39,2,918,1,Random,1,2,2,Random
-1946586466,Checkers,0,GAME_OVER,39,38,2,919,1,Random,1,2,2,Random
-1106311670,Checkers,0,GAME_OVER,79,78,2,920,1,Random,1,2,2,Random
1913736871,Checkers,0,GAME_OVER,50,49,2,921,1,Random,1,2,2,Random
-510465378,Checkers,0,GAME_OVER,69,68,2,922,1,Random,1,2,2,Random
1897285066,Checkers,0,GAME_OVER,40,39,2,923,2,Random,2,1,1,Random
-825678514,Checkers,0,GAME_OVER,63,62,2,924,2,Random,2,1,1,Random
-1203220840,Checkers,0,GAME_OVER,50,49,2,925,1,Random,1,2,2,Random
1845988790,Checkers,0,GAME_OVER,64,63,2,926,1,Random,1,2,2,Random
-431150048,Checkers,0,GAME_OVER,41,40,2,927,2,Random,2,1,1,Random
347133097,Checkers,0,GAME_OVER,61,60,2,928,1,Random,1,2,2,Random
757194820,Checkers,0,GAME_OVER,40,39,2,929,1,Random,1,2,2,Random
1162112320,Checkers,0,GAME_OVER,49,48,2,930,1,Random,1,2,2,Random
-67764756,Checkers,0,GAME_OVER,49,48,2,931,2,Random,2,1,1,Random
489405264,Checkers,0,GAME_OVER,41,40,2,932,1,Random,1,2,2,Random
1041384760,Checkers,0,GAME_OVER,50,49,2,933,1,Random,1,2,2,Random
1941875272,Checkers,0,GAME_OVER,43,42,2,934,2,Random,2,1,1,Random
-1599822826,Checkers,0,GAME_OVER,57,56,2,935,1,Random,1,2,2,Random
-1611244853,Checkers,0,GAME_OVER,40,39,2,936,1,Random,1,2,2,Random
502169588,Checkers,0,GAME_OVER,53,52,2,937,2,Random,2,1,1,Random
810168959,Checkers,0,GAME_OVER,53,52,2,938,2,Random,2,1,1,Random
788373855,Checkers,0,GAME_OVER,47,46,2,939,2,Random,2,1,1,Random
1487247592,Checkers,0,GAME_OVER,43,42,2,940,1,Random,1,2,2,Random
-2013968178,Checkers,0,GAME_OVER,63,62,2,941,1,Random,1,2,2,Random
1830739278,Checkers,0,GAME_OVER,58,57,2,942,1,Random,1,2,2,Random
-344757270,Checkers,0,GAME_OVER,56,55,2,943,2,Random,2,1,1,Random
-1402833678,Checkers,0,GAME_OVER,42,41,2,944,1,Random,1,2,2,Random
427289878,Checkers,0,GAME_OVER,50,49,2,945,2,Random,2,1,1,Random
-1435908563,Checkers,0,GAME_OVER,57,56,2,946,2,Random,2,1,1,Random
1623284478,Checkers,0,GAME_OVER,72,71,2,947,1,Random,1,2,2,Random
-1534108637,Checkers,0,GAME_OVER,51,50,2,948,2,Random,2,1,1,Random
118455418,Checkers,0,GAME_OVER,37,36,2,949,2,Random,2,1,1,Random
1961457716,Checkers,0,GAME_OVER,39,38,2,950,1,Random,1,2,2,Random
469839114,Checkers,0,GAME_OVER,42,41,2,951,1,Random,1,2,2,Random
1577701718,Checkers,0,GAME_OVER,43,42,2,952,1,Random,1,2,2,Random
707586220,Checkers,0,GAME_OVER,43,42,2,953,1,Random,1,2,2,Random
199802609,Checkers,0,GAME_OVER,67,66,2,954,2,Random,2,1,1,Random
193227240,Checkers,0,GAME_OVER,64,63,2,955,1,Random,1,2,2,Random
1219648512,Checkers,0,GAME_OVER,45,44,2,956,1,Random,1,2,2,Random
261684033,Checkers,0,GAME_OVER,37,36,2,957,2,Random,2,1,1,Random
-355127172,Checkers,0,GAME_OVER,50,49,2,958,2,Random,2,1,1,Random
-160750234,Checkers,0,GAME_OVER,43,42,2,959,2,Random,2,1,1,Random
1326445153,Checkers,0,GAME_OVER,41,40,2,960,1,Random,1,2,2,Random
-1453111844,Checkers,0,GAME_OVER,49,48,2,961,2,Random,2,1,1,Random
-789855031,Checkers,0,GAME_OVER,47,46,2,962,2,Random,2,1,1,Random
713418241,Checkers,0,GAME_OVER,47,46,2,963,2,Random,2,1,1,Random
-1987882251,Checkers,0,GAME_OVER,51,50,2,964,1,Random,1,2,2,Random
-854757237,Checkers,0,GAME_OVER,74,73,2,965,2,Random,2,1,1,Random
1581715005,Checkers,0,GAME_OVER,39,38,2,966,1,Random,1,2,2,Random
-1566002189,Checkers,0,GAME_OVER,41,40,2,967,2,Random,2,1,1,Random
2127692081,Checkers,0,GAME_OVER,65,64,2,968,1,Random,1,2,2,Random
-1682797968,Checkers,0,GAME_OVER,45,44,2,969,1,Random,1,2,2,Random
1312810883,Checkers,0,GAME_OVER,40,39,2,970,1,Random,1,2,2,Random
-713976721,Checkers,0,GAME_OVER,40,39,2,971,2,Random,2,1,1,Random
471325035,Checkers,0,GAME_OVER,49,48,2,972,2,Random,2,1,1,Random
465584291,Checkers,0,GAME_OVER,43,42,2,973,2,Random,2,1,1,Random
-1530221921,Checkers,0,GAME_OVER,88,87,2,974,2,Random,2,1,1,Random
-471534294,Checkers,0,GAME_OVER,63,62,2,975,1,Random,1,2,2,Random
-1414959079,Checkers,0,GAME_OVER,37,36,2,976,1,Random,1,2,2,Random
-1798168745,Checkers,0,GAME_OVER,59,58,2,977,2,Random,2,1,1,Random
210257218,Checkers,0,GAME_OVER,50,49,2,978,1,Random,1,2,2,Random
-1805202403,Checkers,0,GAME_OVER,45,44,2,979,1,Random,1,2,2,Random
-1000296387,Checkers,0,GAME_OVER,42,41,2,980,1,Random,1,2,2,Random
-191020741,Checkers,0,GAME_OVER,47,46,2,981,2,Random,2,1,1,Random
-152846752,Checkers,0,GAME_OVER,42,41,2,982,2,Random,2,1,1,Random
29323145,Checkers,0,GAME_OVER,83,82,2,983,2,Random,2,1,1,Random
-999264992,Checkers,0,GAME_OVER,42,41,2,984,2,Random,2,1,1,Random
-1713565406,Checkers,0,GAME_OVER,72,71,2,985,2,Random,2,1,1,Random
1946812671,Checkers,0,GAME_OVER,76,75,2,986,2,Random,2,1,1,Random
55011899,Checkers,0,GAME_OVER,45,44,2,987,2,Random,2,1,1,Random
863165245,Checkers,0,GAME_OVER,28,27,2,988,2,Random,2,1,1,Random
773325285,Checkers,0,GAME_OVER,49,48,2,989,1,Random,1,2,2,Random
-418185134,Checkers,0,GAME_OVER,51,50,2,990,1,Random,1,2,2,Random
1933955089,Checkers,0,GAME_OVER,59,58,2,991,1,Random,1,2,2,Random
-634248064,Checkers,0,GAME_OVER,65,64,2,992,2,Random,2,1,1,Random
-1289920377,Checkers,0,GAME_OVER,50,49,2,993,1,Random,1,2,2,Random
-1064269562,Checkers,0,GAME_OVER,48,47,2,994,2,Random,2,1,1,Random
-1086269764,Checkers,0,GAME_OVER,45,44,2,995,1,Random,1,2,2,Random
1793690544,Checkers,0,GAME_OVER,50,49,2,996,1,Random,1,2,2,Random
-208952166,Checkers,0,GAME_OVER,40,39,2,997,1,Random,1,2,2,Random
-400010278,Checkers,0,GAME_OVER,67,66,2,998,1,Random,1,2,2,Random
-1011304762,Checkers,0,GAME_OVER,55,54,2,999,1,Random,1,2,2,Random
-575614168,Checkers,0,GAME_OVER,82,81,2,1000,1,Random,1,2,2,Random
