GameSeed,GameName,Round,Event,Tick,Turn,PlayerCount,GameID,PlayerName-0,Player-1,Player-0,PlayerName-1
264104569,Checkers,0,GAME_OVER,186,185,2,2,MCTS_v0,0.0,0.0,MCTS_v0
516312140,Checkers,0,GAME_OVER,176,175,2,3,MCTS_v0,0.0,0.0,MCTS_v0
-539140723,Checkers,0,GAME_OVER,98,97,2,4,MCTS_v0,-1.0,1.0,MCTS_v0
-271513057,Checkers,0,GAME_OVER,221,220,2,5,MCTS_v0,0.0,0.0,MCTS_v0
-2038676025,Checkers,0,GAME_OVER,192,191,2,6,MCTS_v0,0.0,0.0,MCTS_v0
-1593724497,Checkers,0,GAME_OVER,170,169,2,7,MCTS_v0,0.0,0.0,MCTS_v0
488996705,Checkers,0,GAME_OVER,174,173,2,8,MCTS_v0,0.0,0.0,MCTS_v0
-1125614055,Checkers,0,GAME_OVER,124,123,2,9,MCTS_v0,-1.0,1.0,MCTS_v0
-1288124729,Checkers,0,GAME_OVER,87,86,2,10,MCTS_v0,-1.0,1.0,MCTS_v0
1294879389,Checkers,0,GAME_OVER,108,107,2,11,MCTS_v0,-1.0,1.0,MCTS_v0
1040404489,Checkers,0,GAME_OVER,103,102,2,12,MCTS_v0,1.0,-1.0,MCTS_v0
-984849494,Checkers,0,GAME_OVER,113,112,2,13,MCTS_v0,1.0,-1.0,MCTS_v0
-185845077,Checkers,0,GAME_OVER,172,171,2,14,MCTS_v0,1.0,-1.0,MCTS_v0
-1932006159,Checkers,0,GAME_OVER,114,113,2,15,MCTS_v0,1.0,-1.0,MCTS_v0
1916951788,Checkers,0,GAME_OVER,175,174,2,16,MCTS_v0,0.0,0.0,MCTS_v0
1434939105,Checkers,0,GAME_OVER,192,191,2,17,MCTS_v0,0.0,0.0,MCTS_v0
880880823,Checkers,0,GAME_OVER,168,167,2,18,MCTS_v0,1.0,-1.0,MCTS_v0
-511924171,Checkers,0,GAME_OVER,173,172,2,19,MCTS_v0,0.0,0.0,MCTS_v0
-1082529320,Checkers,0,GAME_OVER,106,105,2,20,MCTS_v0,-1.0,1.0,MCTS_v0
-90770320,Checkers,0,GAME_OVER,100,99,2,21,MCTS_v0,-1.0,1.0,MCTS_v0
-1752699852,Checkers,0,GAME_OVER,98,97,2,22,MCTS_v0,1.0,-1.0,MCTS_v0
-847477109,Checkers,0,GAME_OVER,100,99,2,23,MCTS_v0,-1.0,1.0,MCTS_v0
547285521,Checkers,0,GAME_OVER,176,175,2,24,MCTS_v0,0.0,0.0,MCTS_v0
256503586,Checkers,0,GAME_OVER,162,161,2,25,MCTS_v0,0.0,0.0,MCTS_v0
-1638892117,Checkers,0,GAME_OVER,151,150,2,26,MCTS_v0,-1.0,1.0,MCTS_v0
1741289425,Checkers,0,GAME_OVER,121,120,2,27,MCTS_v0,1.0,-1.0,MCTS_v0
-443287891,Checkers,0,GAME_OVER,103,102,2,28,MCTS_v0,1.0,-1.0,MCTS_v0
-1320396371,Checkers,0,GAME_OVER,217,216,2,29,MCTS_v0,0.0,0.0,MCTS_v0
1695935311,Checkers,0,GAME_OVER,165,164,2,30,MCTS_v0,-1.0,1.0,MCTS_v0
-929871104,Checkers,0,GAME_OVER,114,113,2,31,MCTS_v0,-1.0,1.0,MCTS_v0
-627976674,Checkers,0,GAME_OVER,149,148,2,32,MCTS_v0,1.0,-1.0,MCTS_v0
-957882198,Checkers,0,GAME_OVER,134,133,2,33,MCTS_v0,-1.0,1.0,MCTS_v0
-894850886,Checkers,0,GAME_OVER,116,115,2,34,MCTS_v0,-1.0,1.0,MCTS_v0
2109725140,Checkers,0,GAME_OVER,163,162,2,35,MCTS_v0,0.0,0.0,MCTS_v0
-908564208,Checkers,0,GAME_OVER,127,126,2,36,MCTS_v0,-1.0,1.0,MCTS_v0
1469001952,Checkers,0,GAME_OVER,194,193,2,37,MCTS_v0,0.0,0.0,MCTS_v0
1791294940,Checkers,0,GAME_OVER,117,116,2,38,MCTS_v0,-1.0,1.0,MCTS_v0
1990314673,Checkers,0,GAME_OVER,148,147,2,39,MCTS_v0,1.0,-1.0,MCTS_v0
12652661,Checkers,0,GAME_OVER,146,145,2,40,MCTS_v0,-1.0,1.0,MCTS_v0
785999304,Checkers,0,GAME_OVER,106,105,2,41,MCTS_v0,-1.0,1.0,MCTS_v0
1108454703,Checkers,0,GAME_OVER,105,104,2,42,MCTS_v0,-1.0,1.0,MCTS_v0
-253260603,Checkers,0,GAME_OVER,103,102,2,43,MCTS_v0,1.0,-1.0,MCTS_v0
-783752995,Checkers,0,GAME_OVER,139,138,2,44,MCTS_v0,1.0,-1.0,MCTS_v0
1474780237,Checkers,0,GAME_OVER,121,120,2,45,MCTS_v0,-1.0,1.0,MCTS_v0
-2057680593,Checkers,0,GAME_OVER,98,97,2,46,MCTS_v0,1.0,-1.0,MCTS_v0
-471436695,Checkers,0,GAME_OVER,226,225,2,47,MCTS_v0,0.0,0.0,MCTS_v0
1404712714,Checkers,0,GAME_OVER,115,114,2,48,MCTS_v0,-1.0,1.0,MCTS_v0
1048899026,Checkers,0,GAME_OVER,172,171,2,49,MCTS_v0,0.0,0.0,MCTS_v0
2003168521,Checkers,0,GAME_OVER,231,230,2,50,MCTS_v0,0.0,0.0,MCTS_v0
-720761396,Checkers,0,GAME_OVER,208,207,2,51,MCTS_v0,0.0,0.0,MCTS_v0
-2038267453,Checkers,0,GAME_OVER,215,214,2,52,MCTS_v0,0.0,0.0,MCTS_v0
938760057,Checkers,0,GAME_OVER,156,155,2,53,MCTS_v0,1.0,-1.0,MCTS_v0
-1861596014,Checkers,0,GAME_OVER,97,96,2,54,MCTS_v0,1.0,-1.0,MCTS_v0
1858745298,Checkers,0,GAME_OVER,82,81,2,55,MCTS_v0,-1.0,1.0,MCTS_v0
-38120216,Checkers,0,GAME_OVER,140,139,2,56,MCTS_v0,1.0,-1.0,MCTS_v0
1869762978,Checkers,0,GAME_OVER,183,182,2,57,MCTS_v0,0.0,0.0,MCTS_v0
138039162,Checkers,0,GAME_OVER,129,128,2,58,MCTS_v0,-1.0,1.0,MCTS_v0
1296288057,Checkers,0,GAME_OVER,100,99,2,59,MCTS_v0,1.0,-1.0,MCTS_v0
-1649206842,Checkers,0,GAME_OVER,201,200,2,60,MCTS_v0,0.0,0.0,MCTS_v0
107322290,Checkers,0,GAME_OVER,118,117,2,61,MCTS_v0,-1.0,1.0,MCTS_v0
210152385,Checkers,0,GAME_OVER,147,146,2,62,MCTS_v0,1.0,-1.0,MCTS_v0
1185857021,Checkers,0,GAME_OVER,130,129,2,63,MCTS_v0,-1.0,1.0,MCTS_v0
-314642260,Checkers,0,GAME_OVER,102,101,2,64,MCTS_v0,-1.0,1.0,MCTS_v0
-32178155,Checkers,0,GAME_OVER,139,138,2,65,MCTS_v0,-1.0,1.0,MCTS_v0
-51825815,Checkers,0,GAME_OVER,119,118,2,66,MCTS_v0,1.0,-1.0,MCTS_v0
-1263674626,Checkers,0,GAME_OVER,107,106,2,67,MCTS_v0,-1.0,1.0,MCTS_v0
-895707202,Checkers,0,GAME_OVER,153,152,2,68,MCTS_v0,-1.0,1.0,MCTS_v0
-722791291,Checkers,0,GAME_OVER,174,173,2,69,MCTS_v0,1.0,-1.0,MCTS_v0
1930086764,Checkers,0,GAME_OVER,153,152,2,70,MCTS_v0,0.0,0.0,MCTS_v0
-2078587425,Checkers,0,GAME_OVER,98,97,2,71,MCTS_v0,1.0,-1.0,MCTS_v0
842689288,Checkers,0,GAME_OVER,114,113,2,72,MCTS_v0,-1.0,1.0,MCTS_v0
-1006683509,Checkers,0,GAME_OVER,108,107,2,73,MCTS_v0,-1.0,1.0,MCTS_v0
2126459376,Checkers,0,GAME_OVER,92,91,2,74,MCTS_v0,1.0,-1.0,MCTS_v0
-843129040,Checkers,0,GAME_OVER,176,175,2,75,MCTS_v0,0.0,0.0,MCTS_v0
505467350,Checkers,0,GAME_OVER,114,113,2,76,MCTS_v0,-1.0,1.0,MCTS_v0
521118790,Checkers,0,GAME_OVER,143,142,2,77,MCTS_v0,1.0,-1.0,MCTS_v0
-2140065352,Checkers,0,GAME_OVER,125,124,2,78,MCTS_v0,-1.0,1.0,MCTS_v0
-1853235506,Checkers,0,GAME_OVER,120,119,2,79,MCTS_v0,1.0,-1.0,MCTS_v0
-1325028030,Checkers,0,GAME_OVER,215,214,2,80,MCTS_v0,-1.0,1.0,MCTS_v0
1771069802,Checkers,0,GAME_OVER,199,198,2,81,MCTS_v0,0.0,0.0,MCTS_v0
502051038,Checkers,0,GAME_OVER,138,137,2,82,MCTS_v0,1.0,-1.0,MCTS_v0
-1580903799,Checkers,0,GAME_OVER,135,134,2,83,MCTS_v0,-1.0,1.0,MCTS_v0
370121741,Checkers,0,GAME_OVER,196,195,2,84,MCTS_v0,0.0,0.0,MCTS_v0
1798289547,Checkers,0,GAME_OVER,178,177,2,85,MCTS_v0,0.0,0.0,MCTS_v0
698078399,Checkers,0,GAME_OVER,105,104,2,86,MCTS_v0,1.0,-1.0,MCTS_v0
-2108202232,Checkers,0,GAME_OVER,157,156,2,87,MCTS_v0,1.0,-1.0,MCTS_v0
124331954,Checkers,0,GAME_OVER,125,124,2,88,MCTS_v0,1.0,-1.0,MCTS_v0
-1653583717,Checkers,0,GAME_OVER,106,105,2,89,MCTS_v0,-1.0,1.0,MCTS_v0
-1943583435,Checkers,0,GAME_OVER,199,198,2,90,MCTS_v0,0.0,0.0,MCTS_v0
-1004698903,Checkers,0,GAME_OVER,164,163,2,91,MCTS_v0,0.0,0.0,MCTS_v0
1731276472,Checkers,0,GAME_OVER,112,111,2,92,MCTS_v0,1.0,-1.0,MCTS_v0
654175921,Checkers,0,GAME_OVER,100,99,2,93,MCTS_v0,-1.0,1.0,MCTS_v0
1387860235,Checkers,0,GAME_OVER,165,164,2,94,MCTS_v0,0.0,0.0,MCTS_v0
1670900780,Checkers,0,GAME_OVER,158,157,2,95,MCTS_v0,-1.0,1.0,MCTS_v0
-245948345,Checkers,0,GAME_OVER,179,178,2,96,MCTS_v0,0.0,0.0,MCTS_v0
-1201026037,Checkers,0,GAME_OVER,103,102,2,97,MCTS_v0,1.0,-1.0,MCTS_v0
-1541085779,Checkers,0,GAME_OVER,134,133,2,98,MCTS_v0,-1.0,1.0,MCTS_v0
-1090187311,Checkers,0,GAME_OVER,165,164,2,99,MCTS_v0,0.0,0.0,MCTS_v0
-825828098,Checkers,0,GAME_OVER,143,142,2,100,MCTS_v0,1.0,-1.0,MCTS_v0
-1119369130,Checkers,0,GAME_OVER,188,187,2,101,MCTS_v0,0.0,0.0,MCTS_v0
875531807,Checkers,0,GAME_OVER,198,197,2,102,MCTS_v0,0.0,0.0,MCTS_v0
-1999512642,Checkers,0,GAME_OVER,120,119,2,103,MCTS_v0,1.0,-1.0,MCTS_v0
-734965501,Checkers,0,GAME_OVER,219,218,2,104,MCTS_v0,0.0,0.0,MCTS_v0
-1267336148,Checkers,0,GAME_OVER,216,215,2,105,MCTS_v0,0.0,0.0,MCTS_v0
-1319441104,Checkers,0,GAME_OVER,180,179,2,106,MCTS_v0,0.0,0.0,MCTS_v0
-1976698138,Checkers,0,GAME_OVER,119,118,2,107,MCTS_v0,1.0,-1.0,MCTS_v0
-436462757,Checkers,0,GAME_OVER,103,102,2,108,MCTS_v0,-1.0,1.0,MCTS_v0
653029341,Checkers,0,GAME_OVER,116,115,2,109,MCTS_v0,-1.0,1.0,MCTS_v0
-298129682,Checkers,0,GAME_OVER,102,101,2,110,MCTS_v0,1.0,-1.0,MCTS_v0
1424061352,Checkers,0,GAME_OVER,141,140,2,111,MCTS_v0,1.0,-1.0,MCTS_v0
1488180858,Checkers,0,GAME_OVER,151,150,2,112,MCTS_v0,-1.0,1.0,MCTS_v0
264104569,Checkers,0,GAME_OVER,213,212,2,113,MCTS_v0,0.0,0.0,OSLA
516312140,Checkers,0,GAME_OVER,224,223,2,114,MCTS_v0,0.0,0.0,OSLA
-539140723,Checkers,0,GAME_OVER,94,93,2,115,MCTS_v0,-1.0,1.0,OSLA
-271513057,Checkers,0,GAME_OVER,116,115,2,116,MCTS_v0,-1.0,1.0,OSLA
-2038676025,Checkers,0,GAME_OVER,110,109,2,117,MCTS_v0,-1.0,1.0,OSLA
-1593724497,Checkers,0,GAME_OVER,100,99,2,118,MCTS_v0,1.0,-1.0,OSLA
488996705,Checkers,0,GAME_OVER,116,115,2,119,MCTS_v0,-1.0,1.0,OSLA
-1125614055,Checkers,0,GAME_OVER,116,115,2,120,MCTS_v0,-1.0,1.0,OSLA
-1288124729,Checkers,0,GAME_OVER,225,224,2,121,MCTS_v0,0.0,0.0,OSLA
1294879389,Checkers,0,GAME_OVER,201,200,2,122,MCTS_v0,-1.0,1.0,OSLA
1040404489,Checkers,0,GAME_OVER,120,119,2,123,MCTS_v0,-1.0,1.0,OSLA
-984849494,Checkers,0,GAME_OVER,112,111,2,124,MCTS_v0,-1.0,1.0,OSLA
-185845077,Checkers,0,GAME_OVER,167,166,2,125,MCTS_v0,-1.0,1.0,OSLA
-1932006159,Checkers,0,GAME_OVER,182,181,2,126,MCTS_v0,0.0,0.0,OSLA
1916951788,Checkers,0,GAME_OVER,76,75,2,127,MCTS_v0,1.0,-1.0,OSLA
1434939105,Checkers,0,GAME_OVER,137,136,2,128,MCTS_v0,-1.0,1.0,OSLA
880880823,Checkers,0,GAME_OVER,119,118,2,129,MCTS_v0,-1.0,1.0,OSLA
-511924171,Checkers,0,GAME_OVER,159,158,2,130,MCTS_v0,0.0,0.0,OSLA
-1082529320,Checkers,0,GAME_OVER,107,106,2,131,MCTS_v0,1.0,-1.0,OSLA
-90770320,Checkers,0,GAME_OVER,101,100,2,132,MCTS_v0,-1.0,1.0,OSLA
-1752699852,Checkers,0,GAME_OVER,140,139,2,133,MCTS_v0,-1.0,1.0,OSLA
-847477109,Checkers,0,GAME_OVER,171,170,2,134,MCTS_v0,0.0,0.0,OSLA
547285521,Checkers,0,GAME_OVER,126,125,2,135,MCTS_v0,-1.0,1.0,OSLA
256503586,Checkers,0,GAME_OVER,98,97,2,136,MCTS_v0,1.0,-1.0,OSLA
-1638892117,Checkers,0,GAME_OVER,131,130,2,137,MCTS_v0,0.0,0.0,OSLA
1741289425,Checkers,0,GAME_OVER,131,130,2,138,MCTS_v0,1.0,-1.0,OSLA
-443287891,Checkers,0,GAME_OVER,126,125,2,139,MCTS_v0,-1.0,1.0,OSLA
-1320396371,Checkers,0,GAME_OVER,91,90,2,140,MCTS_v0,1.0,-1.0,OSLA
1695935311,Checkers,0,GAME_OVER,78,77,2,141,MCTS_v0,1.0,-1.0,OSLA
-929871104,Checkers,0,GAME_OVER,173,172,2,142,MCTS_v0,0.0,0.0,OSLA
-627976674,Checkers,0,GAME_OVER,97,96,2,143,MCTS_v0,1.0,-1.0,OSLA
-957882198,Checkers,0,GAME_OVER,87,86,2,144,MCTS_v0,1.0,-1.0,OSLA
-894850886,Checkers,0,GAME_OVER,137,136,2,145,MCTS_v0,-1.0,1.0,OSLA
2109725140,Checkers,0,GAME_OVER,133,132,2,146,MCTS_v0,-1.0,1.0,OSLA
-908564208,Checkers,0,GAME_OVER,120,119,2,147,MCTS_v0,-1.0,1.0,OSLA
1469001952,Checkers,0,GAME_OVER,180,179,2,148,MCTS_v0,0.0,0.0,OSLA
1791294940,Checkers,0,GAME_OVER,100,99,2,149,MCTS_v0,1.0,-1.0,OSLA
1990314673,Checkers,0,GAME_OVER,131,130,2,150,MCTS_v0,-1.0,1.0,OSLA
12652661,Checkers,0,GAME_OVER,90,89,2,151,MCTS_v0,1.0,-1.0,OSLA
785999304,Checkers,0,GAME_OVER,184,183,2,152,MCTS_v0,0.0,0.0,OSLA
1108454703,Checkers,0,GAME_OVER,83,82,2,153,MCTS_v0,1.0,-1.0,OSLA
-253260603,Checkers,0,GAME_OVER,145,144,2,154,MCTS_v0,-1.0,1.0,OSLA
-783752995,Checkers,0,GAME_OVER,90,89,2,155,MCTS_v0,1.0,-1.0,OSLA
1474780237,Checkers,0,GAME_OVER,206,205,2,156,MCTS_v0,0.0,0.0,OSLA
-2057680593,Checkers,0,GAME_OVER,115,114,2,157,MCTS_v0,1.0,-1.0,OSLA
-471436695,Checkers,0,GAME_OVER,131,130,2,158,MCTS_v0,-1.0,1.0,OSLA
1404712714,Checkers,0,GAME_OVER,116,115,2,159,MCTS_v0,-1.0,1.0,OSLA
1048899026,Checkers,0,GAME_OVER,105,104,2,160,MCTS_v0,1.0,-1.0,OSLA
2003168521,Checkers,0,GAME_OVER,87,86,2,161,MCTS_v0,1.0,-1.0,OSLA
-720761396,Checkers,0,GAME_OVER,190,189,2,162,MCTS_v0,0.0,0.0,OSLA
-2038267453,Checkers,0,GAME_OVER,102,101,2,163,MCTS_v0,1.0,-1.0,OSLA
938760057,Checkers,0,GAME_OVER,101,100,2,164,MCTS_v0,1.0,-1.0,OSLA
-1861596014,Checkers,0,GAME_OVER,97,96,2,165,MCTS_v0,1.0,-1.0,OSLA
1858745298,Checkers,0,GAME_OVER,177,176,2,166,MCTS_v0,0.0,0.0,OSLA
-38120216,Checkers,0,GAME_OVER,85,84,2,167,MCTS_v0,1.0,-1.0,OSLA
1869762978,Checkers,0,GAME_OVER,80,79,2,168,MCTS_v0,1.0,-1.0,OSLA
138039162,Checkers,0,GAME_OVER,136,135,2,169,MCTS_v0,-1.0,1.0,OSLA
1296288057,Checkers,0,GAME_OVER,105,104,2,170,MCTS_v0,1.0,-1.0,OSLA
-1649206842,Checkers,0,GAME_OVER,200,199,2,171,MCTS_v0,0.0,0.0,OSLA
107322290,Checkers,0,GAME_OVER,157,156,2,172,MCTS_v0,-1.0,1.0,OSLA
210152385,Checkers,0,GAME_OVER,137,136,2,173,MCTS_v0,0.0,0.0,OSLA
1185857021,Checkers,0,GAME_OVER,137,136,2,174,MCTS_v0,1.0,-1.0,OSLA
-314642260,Checkers,0,GAME_OVER,92,91,2,175,MCTS_v0,1.0,-1.0,OSLA
-32178155,Checkers,0,GAME_OVER,92,91,2,176,MCTS_v0,1.0,-1.0,OSLA
-51825815,Checkers,0,GAME_OVER,118,117,2,177,MCTS_v0,-1.0,1.0,OSLA
-1263674626,Checkers,0,GAME_OVER,151,150,2,178,MCTS_v0,0.0,0.0,OSLA
-895707202,Checkers,0,GAME_OVER,165,164,2,179,MCTS_v0,0.0,0.0,OSLA
-722791291,Checkers,0,GAME_OVER,73,72,2,180,MCTS_v0,1.0,-1.0,OSLA
1930086764,Checkers,0,GAME_OVER,92,91,2,181,MCTS_v0,1.0,-1.0,OSLA
-2078587425,Checkers,0,GAME_OVER,148,147,2,182,MCTS_v0,-1.0,1.0,OSLA
842689288,Checkers,0,GAME_OVER,152,151,2,183,MCTS_v0,-1.0,1.0,OSLA
-1006683509,Checkers,0,GAME_OVER,173,172,2,184,MCTS_v0,0.0,0.0,OSLA
2126459376,Checkers,0,GAME_OVER,97,96,2,185,MCTS_v0,1.0,-1.0,OSLA
-843129040,Checkers,0,GAME_OVER,139,138,2,186,MCTS_v0,-1.0,1.0,OSLA
505467350,Checkers,0,GAME_OVER,134,133,2,187,MCTS_v0,-1.0,1.0,OSLA
521118790,Checkers,0,GAME_OVER,115,114,2,188,MCTS_v0,-1.0,1.0,OSLA
-2140065352,Checkers,0,GAME_OVER,132,131,2,189,MCTS_v0,-1.0,1.0,OSLA
-1853235506,Checkers,0,GAME_OVER,100,99,2,190,MCTS_v0,-1.0,1.0,OSLA
-1325028030,Checkers,0,GAME_OVER,149,148,2,191,MCTS_v0,-1.0,1.0,OSLA
1771069802,Checkers,0,GAME_OVER,121,120,2,192,MCTS_v0,-1.0,1.0,OSLA
502051038,Checkers,0,GAME_OVER,105,104,2,193,MCTS_v0,-1.0,1.0,OSLA
-1580903799,Checkers,0,GAME_OVER,161,160,2,194,MCTS_v0,-1.0,1.0,OSLA
370121741,Checkers,0,GAME_OVER,76,75,2,195,MCTS_v0,1.0,-1.0,OSLA
1798289547,Checkers,0,GAME_OVER,100,99,2,196,MCTS_v0,1.0,-1.0,OSLA
698078399,Checkers,0,GAME_OVER,149,148,2,197,MCTS_v0,0.0,0.0,OSLA
-2108202232,Checkers,0,GAME_OVER,154,153,2,198,MCTS_v0,0.0,0.0,OSLA
124331954,Checkers,0,GAME_OVER,161,160,2,199,MCTS_v0,-1.0,1.0,OSLA
-1653583717,Checkers,0,GAME_OVER,215,214,2,200,MCTS_v0,0.0,0.0,OSLA
-1943583435,Checkers,0,GAME_OVER,103,102,2,201,MCTS_v0,-1.0,1.0,OSLA
-1004698903,Checkers,0,GAME_OVER,135,134,2,202,MCTS_v0,-1.0,1.0,OSLA
1731276472,Checkers,0,GAME_OVER,98,97,2,203,MCTS_v0,-1.0,1.0,OSLA
654175921,Checkers,0,GAME_OVER,102,101,2,204,MCTS_v0,1.0,-1.0,OSLA
1387860235,Checkers,0,GAME_OVER,136,135,2,205,MCTS_v0,0.0,0.0,OSLA
1670900780,Checkers,0,GAME_OVER,165,164,2,206,MCTS_v0,0.0,0.0,OSLA
-245948345,Checkers,0,GAME_OVER,211,210,2,207,MCTS_v0,-1.0,1.0,OSLA
-1201026037,Checkers,0,GAME_OVER,133,132,2,208,MCTS_v0,-1.0,1.0,OSLA
-1541085779,Checkers,0,GAME_OVER,97,96,2,209,MCTS_v0,-1.0,1.0,OSLA
-1090187311,Checkers,0,GAME_OVER,102,101,2,210,MCTS_v0,1.0,-1.0,OSLA
-825828098,Checkers,0,GAME_OVER,120,119,2,211,MCTS_v0,-1.0,1.0,OSLA
-1119369130,Checkers,0,GAME_OVER,133,132,2,212,MCTS_v0,-1.0,1.0,OSLA
875531807,Checkers,0,GAME_OVER,94,93,2,213,MCTS_v0,1.0,-1.0,OSLA
-1999512642,Checkers,0,GAME_OVER,89,88,2,214,MCTS_v0,1.0,-1.0,OSLA
-734965501,Checkers,0,GAME_OVER,168,167,2,215,MCTS_v0,-1.0,1.0,OSLA
-1267336148,Checkers,0,GAME_OVER,125,124,2,216,MCTS_v0,-1.0,1.0,OSLA
-1319441104,Checkers,0,GAME_OVER,148,147,2,217,MCTS_v0,-1.0,1.0,OSLA
-1976698138,Checkers,0,GAME_OVER,85,84,2,218,MCTS_v0,1.0,-1.0,OSLA
-436462757,Checkers,0,GAME_OVER,103,102,2,219,MCTS_v0,-1.0,1.0,OSLA
653029341,Checkers,0,GAME_OVER,123,122,2,220,MCTS_v0,-1.0,1.0,OSLA
-298129682,Checkers,0,GAME_OVER,160,159,2,221,MCTS_v0,0.0,0.0,OSLA
1424061352,Checkers,0,GAME_OVER,165,164,2,222,MCTS_v0,-1.0,1.0,OSLA
1488180858,Checkers,0,GAME_OVER,123,122,2,223,MCTS_v0,-1.0,1.0,OSLA
264104569,Checkers,0,GAME_OVER,94,93,2,224,MCTS_v0,-1.0,1.0,Random
516312140,Checkers,0,GAME_OVER,134,133,2,225,MCTS_v0,-1.0,1.0,Random
-539140723,Checkers,0,GAME_OVER,94,93,2,226,MCTS_v0,-1.0,1.0,Random
-271513057,Checkers,0,GAME_OVER,96,95,2,227,MCTS_v0,-1.0,1.0,Random
-2038676025,Checkers,0,GAME_OVER,81,80,2,228,MCTS_v0,-1.0,1.0,Random
-1593724497,Checkers,0,GAME_OVER,76,75,2,229,MCTS_v0,-1.0,1.0,Random
488996705,Checkers,0,GAME_OVER,114,113,2,230,MCTS_v0,-1.0,1.0,Random
-1125614055,Checkers,0,GAME_OVER,70,69,2,231,MCTS_v0,-1.0,1.0,Random
-1288124729,Checkers,0,GAME_OVER,77,76,2,232,MCTS_v0,-1.0,1.0,Random
1294879389,Checkers,0,GAME_OVER,87,86,2,233,MCTS_v0,-1.0,1.0,Random
1040404489,Checkers,0,GAME_OVER,86,85,2,234,MCTS_v0,-1.0,1.0,Random
-984849494,Checkers,0,GAME_OVER,87,86,2,235,MCTS_v0,-1.0,1.0,Random
-185845077,Checkers,0,GAME_OVER,71,70,2,236,MCTS_v0,-1.0,1.0,Random
-1932006159,Checkers,0,GAME_OVER,83,82,2,237,MCTS_v0,-1.0,1.0,Random
1916951788,Checkers,0,GAME_OVER,91,90,2,238,MCTS_v0,-1.0,1.0,Random
1434939105,Checkers,0,GAME_OVER,72,71,2,239,MCTS_v0,-1.0,1.0,Random
880880823,Checkers,0,GAME_OVER,100,99,2,240,MCTS_v0,-1.0,1.0,Random
-511924171,Checkers,0,GAME_OVER,74,73,2,241,MCTS_v0,-1.0,1.0,Random
-1082529320,Checkers,0,GAME_OVER,79,78,2,242,MCTS_v0,-1.0,1.0,Random
-90770320,Checkers,0,GAME_OVER,85,84,2,243,MCTS_v0,-1.0,1.0,Random
-1752699852,Checkers,0,GAME_OVER,76,75,2,244,MCTS_v0,-1.0,1.0,Random
-847477109,Checkers,0,GAME_OVER,85,84,2,245,MCTS_v0,-1.0,1.0,Random
547285521,Checkers,0,GAME_OVER,64,63,2,246,MCTS_v0,-1.0,1.0,Random
256503586,Checkers,0,GAME_OVER,83,82,2,247,MCTS_v0,-1.0,1.0,Random
-1638892117,Checkers,0,GAME_OVER,87,86,2,248,MCTS_v0,-1.0,1.0,Random
1741289425,Checkers,0,GAME_OVER,97,96,2,249,MCTS_v0,-1.0,1.0,Random
-443287891,Checkers,0,GAME_OVER,84,83,2,250,MCTS_v0,-1.0,1.0,Random
-1320396371,Checkers,0,GAME_OVER,71,70,2,251,MCTS_v0,-1.0,1.0,Random
1695935311,Checkers,0,GAME_OVER,88,87,2,252,MCTS_v0,-1.0,1.0,Random
-929871104,Checkers,0,GAME_OVER,101,100,2,253,MCTS_v0,-1.0,1.0,Random
-627976674,Checkers,0,GAME_OVER,90,89,2,254,MCTS_v0,-1.0,1.0,Random
-957882198,Checkers,0,GAME_OVER,78,77,2,255,MCTS_v0,-1.0,1.0,Random
-894850886,Checkers,0,GAME_OVER,88,87,2,256,MCTS_v0,-1.0,1.0,Random
2109725140,Checkers,0,GAME_OVER,83,82,2,257,MCTS_v0,-1.0,1.0,Random
-908564208,Checkers,0,GAME_OVER,81,80,2,258,MCTS_v0,-1.0,1.0,Random
1469001952,Checkers,0,GAME_OVER,72,71,2,259,MCTS_v0,-1.0,1.0,Random
1791294940,Checkers,0,GAME_OVER,59,58,2,260,MCTS_v0,-1.0,1.0,Random
1990314673,Checkers,0,GAME_OVER,77,76,2,261,MCTS_v0,-1.0,1.0,Random
12652661,Checkers,0,GAME_OVER,68,67,2,262,MCTS_v0,-1.0,1.0,Random
785999304,Checkers,0,GAME_OVER,71,70,2,263,MCTS_v0,-1.0,1.0,Random
1108454703,Checkers,0,GAME_OVER,87,86,2,264,MCTS_v0,-1.0,1.0,Random
-253260603,Checkers,0,GAME_OVER,93,92,2,265,MCTS_v0,-1.0,1.0,Random
-783752995,Checkers,0,GAME_OVER,86,85,2,266,MCTS_v0,-1.0,1.0,Random
1474780237,Checkers,0,GAME_OVER,104,103,2,267,MCTS_v0,-1.0,1.0,Random
-2057680593,Checkers,0,GAME_OVER,102,101,2,268,MCTS_v0,-1.0,1.0,Random
-471436695,Checkers,0,GAME_OVER,78,77,2,269,MCTS_v0,-1.0,1.0,Random
1404712714,Checkers,0,GAME_OVER,89,88,2,270,MCTS_v0,-1.0,1.0,Random
1048899026,Checkers,0,GAME_OVER,86,85,2,271,MCTS_v0,-1.0,1.0,Random
2003168521,Checkers,0,GAME_OVER,72,71,2,272,MCTS_v0,-1.0,1.0,Random
-720761396,Checkers,0,GAME_OVER,87,86,2,273,MCTS_v0,-1.0,1.0,Random
-2038267453,Checkers,0,GAME_OVER,96,95,2,274,MCTS_v0,-1.0,1.0,Random
938760057,Checkers,0,GAME_OVER,79,78,2,275,MCTS_v0,-1.0,1.0,Random
-1861596014,Checkers,0,GAME_OVER,75,74,2,276,MCTS_v0,-1.0,1.0,Random
1858745298,Checkers,0,GAME_OVER,67,66,2,277,MCTS_v0,-1.0,1.0,Random
-38120216,Checkers,0,GAME_OVER,76,75,2,278,MCTS_v0,-1.0,1.0,Random
1869762978,Checkers,0,GAME_OVER,72,71,2,279,MCTS_v0,-1.0,1.0,Random
138039162,Checkers,0,GAME_OVER,78,77,2,280,MCTS_v0,-1.0,1.0,Random
1296288057,Checkers,0,GAME_OVER,66,65,2,281,MCTS_v0,-1.0,1.0,Random
-1649206842,Checkers,0,GAME_OVER,77,76,2,282,MCTS_v0,-1.0,1.0,Random
107322290,Checkers,0,GAME_OVER,71,70,2,283,MCTS_v0,-1.0,1.0,Random
210152385,Checkers,0,GAME_OVER,73,72,2,284,MCTS_v0,-1.0,1.0,Random
1185857021,Checkers,0,GAME_OVER,72,71,2,285,MCTS_v0,-1.0,1.0,Random
-314642260,Checkers,0,GAME_OVER,88,87,2,286,MCTS_v0,-1.0,1.0,Random
-32178155,Checkers,0,GAME_OVER,100,99,2,287,MCTS_v0,-1.0,1.0,Random
-51825815,Checkers,0,GAME_OVER,76,75,2,288,MCTS_v0,-1.0,1.0,Random
-1263674626,Checkers,0,GAME_OVER,77,76,2,289,MCTS_v0,-1.0,1.0,Random
-895707202,Checkers,0,GAME_OVER,71,70,2,290,MCTS_v0,-1.0,1.0,Random
-722791291,Checkers,0,GAME_OVER,80,79,2,291,MCTS_v0,-1.0,1.0,Random
1930086764,Checkers,0,GAME_OVER,103,102,2,292,MCTS_v0,-1.0,1.0,Random
-2078587425,Checkers,0,GAME_OVER,90,89,2,293,MCTS_v0,-1.0,1.0,Random
842689288,Checkers,0,GAME_OVER,82,81,2,294,MCTS_v0,-1.0,1.0,Random
-1006683509,Checkers,0,GAME_OVER,98,97,2,295,MCTS_v0,-1.0,1.0,Random
2126459376,Checkers,0,GAME_OVER,87,86,2,296,MCTS_v0,-1.0,1.0,Random
-843129040,Checkers,0,GAME_OVER,88,87,2,297,MCTS_v0,-1.0,1.0,Random
505467350,Checkers,0,GAME_OVER,86,85,2,298,MCTS_v0,-1.0,1.0,Random
521118790,Checkers,0,GAME_OVER,97,96,2,299,MCTS_v0,-1.0,1.0,Random
-2140065352,Checkers,0,GAME_OVER,77,76,2,300,MCTS_v0,-1.0,1.0,Random
-1853235506,Checkers,0,GAME_OVER,85,84,2,301,MCTS_v0,-1.0,1.0,Random
-1325028030,Checkers,0,GAME_OVER,83,82,2,302,MCTS_v0,-1.0,1.0,Random
1771069802,Checkers,0,GAME_OVER,97,96,2,303,MCTS_v0,-1.0,1.0,Random
502051038,Checkers,0,GAME_OVER,92,91,2,304,MCTS_v0,-1.0,1.0,Random
-1580903799,Checkers,0,GAME_OVER,88,87,2,305,MCTS_v0,-1.0,1.0,Random
370121741,Checkers,0,GAME_OVER,100,99,2,306,MCTS_v0,-1.0,1.0,Random
1798289547,Checkers,0,GAME_OVER,83,82,2,307,MCTS_v0,-1.0,1.0,Random
698078399,Checkers,0,GAME_OVER,100,99,2,308,MCTS_v0,-1.0,1.0,Random
-2108202232,Checkers,0,GAME_OVER,86,85,2,309,MCTS_v0,-1.0,1.0,Random
124331954,Checkers,0,GAME_OVER,71,70,2,310,MCTS_v0,-1.0,1.0,Random
-1653583717,Checkers,0,GAME_OVER,92,91,2,311,MCTS_v0,-1.0,1.0,Random
-1943583435,Checkers,0,GAME_OVER,74,73,2,312,MCTS_v0,-1.0,1.0,Random
-1004698903,Checkers,0,GAME_OVER,97,96,2,313,MCTS_v0,-1.0,1.0,Random
1731276472,Checkers,0,GAME_OVER,84,83,2,314,MCTS_v0,-1.0,1.0,Random
654175921,Checkers,0,GAME_OVER,83,82,2,315,MCTS_v0,-1.0,1.0,Random
1387860235,Checkers,0,GAME_OVER,101,100,2,316,MCTS_v0,-1.0,1.0,Random
1670900780,Checkers,0,GAME_OVER,83,82,2,317,MCTS_v0,-1.0,1.0,Random
-245948345,Checkers,0,GAME_OVER,88,87,2,318,MCTS_v0,-1.0,1.0,Random
-1201026037,Checkers,0,GAME_OVER,77,76,2,319,MCTS_v0,-1.0,1.0,Random
-1541085779,Checkers,0,GAME_OVER,77,76,2,320,MCTS_v0,-1.0,1.0,Random
-1090187311,Checkers,0,GAME_OVER,64,63,2,321,MCTS_v0,-1.0,1.0,Random
-825828098,Checkers,0,GAME_OVER,93,92,2,322,MCTS_v0,-1.0,1.0,Random
-1119369130,Checkers,0,GAME_OVER,102,101,2,323,MCTS_v0,-1.0,1.0,Random
875531807,Checkers,0,GAME_OVER,88,87,2,324,MCTS_v0,-1.0,1.0,Random
-1999512642,Checkers,0,GAME_OVER,88,87,2,325,MCTS_v0,-1.0,1.0,Random
-734965501,Checkers,0,GAME_OVER,89,88,2,326,MCTS_v0,-1.0,1.0,Random
-1267336148,Checkers,0,GAME_OVER,62,61,2,327,MCTS_v0,-1.0,1.0,Random
-1319441104,Checkers,0,GAME_OVER,88,87,2,328,MCTS_v0,-1.0,1.0,Random
-1976698138,Checkers,0,GAME_OVER,86,85,2,329,MCTS_v0,-1.0,1.0,Random
-436462757,Checkers,0,GAME_OVER,97,96,2,330,MCTS_v0,-1.0,1.0,Random
653029341,Checkers,0,GAME_OVER,95,94,2,331,MCTS_v0,-1.0,1.0,Random
-298129682,Checkers,0,GAME_OVER,94,93,2,332,MCTS_v0,-1.0,1.0,Random
1424061352,Checkers,0,GAME_OVER,84,83,2,333,MCTS_v0,-1.0,1.0,Random
1488180858,Checkers,0,GAME_OVER,92,91,2,334,MCTS_v0,-1.0,1.0,Random
264104569,Checkers,0,GAME_OVER,117,116,2,335,OSLA,-1.0,1.0,MCTS_v0
516312140,Checkers,0,GAME_OVER,131,130,2,336,OSLA,1.0,-1.0,MCTS_v0
-539140723,Checkers,0,GAME_OVER,125,124,2,337,OSLA,1.0,-1.0,MCTS_v0
-271513057,Checkers,0,GAME_OVER,111,110,2,338,OSLA,1.0,-1.0,MCTS_v0
-2038676025,Checkers,0,GAME_OVER,138,137,2,339,OSLA,1.0,-1.0,MCTS_v0
-1593724497,Checkers,0,GAME_OVER,88,87,2,340,OSLA,-1.0,1.0,MCTS_v0
488996705,Checkers,0,GAME_OVER,183,182,2,341,OSLA,0.0,0.0,MCTS_v0
-1125614055,Checkers,0,GAME_OVER,93,92,2,342,OSLA,-1.0,1.0,MCTS_v0
-1288124729,Checkers,0,GAME_OVER,104,103,2,343,OSLA,-1.0,1.0,MCTS_v0
1294879389,Checkers,0,GAME_OVER,113,112,2,344,OSLA,1.0,-1.0,MCTS_v0
1040404489,Checkers,0,GAME_OVER,114,113,2,345,OSLA,1.0,-1.0,MCTS_v0
-984849494,Checkers,0,GAME_OVER,134,133,2,346,OSLA,1.0,-1.0,MCTS_v0
-185845077,Checkers,0,GAME_OVER,133,132,2,347,OSLA,0.0,0.0,MCTS_v0
-1932006159,Checkers,0,GAME_OVER,82,81,2,348,OSLA,-1.0,1.0,MCTS_v0
1916951788,Checkers,0,GAME_OVER,160,159,2,349,OSLA,1.0,-1.0,MCTS_v0
1434939105,Checkers,0,GAME_OVER,136,135,2,350,OSLA,1.0,-1.0,MCTS_v0
880880823,Checkers,0,GAME_OVER,139,138,2,351,OSLA,1.0,-1.0,MCTS_v0
-511924171,Checkers,0,GAME_OVER,84,83,2,352,OSLA,-1.0,1.0,MCTS_v0
-1082529320,Checkers,0,GAME_OVER,141,140,2,353,OSLA,1.0,-1.0,MCTS_v0
-90770320,Checkers,0,GAME_OVER,129,128,2,354,OSLA,1.0,-1.0,MCTS_v0
-1752699852,Checkers,0,GAME_OVER,191,190,2,355,OSLA,0.0,0.0,MCTS_v0
-847477109,Checkers,0,GAME_OVER,135,134,2,356,OSLA,1.0,-1.0,MCTS_v0
547285521,Checkers,0,GAME_OVER,105,104,2,357,OSLA,-1.0,1.0,MCTS_v0
256503586,Checkers,0,GAME_OVER,134,133,2,358,OSLA,1.0,-1.0,MCTS_v0
-1638892117,Checkers,0,GAME_OVER,142,141,2,359,OSLA,1.0,-1.0,MCTS_v0
1741289425,Checkers,0,GAME_OVER,153,152,2,360,OSLA,0.0,0.0,MCTS_v0
-443287891,Checkers,0,GAME_OVER,132,131,2,361,OSLA,1.0,-1.0,MCTS_v0
-1320396371,Checkers,0,GAME_OVER,102,101,2,362,OSLA,-1.0,1.0,MCTS_v0
1695935311,Checkers,0,GAME_OVER,189,188,2,363,OSLA,0.0,0.0,MCTS_v0
-929871104,Checkers,0,GAME_OVER,109,108,2,364,OSLA,1.0,-1.0,MCTS_v0
-627976674,Checkers,0,GAME_OVER,124,123,2,365,OSLA,1.0,-1.0,MCTS_v0
-957882198,Checkers,0,GAME_OVER,142,141,2,366,OSLA,1.0,-1.0,MCTS_v0
-894850886,Checkers,0,GAME_OVER,180,179,2,367,OSLA,0.0,0.0,MCTS_v0
2109725140,Checkers,0,GAME_OVER,128,127,2,368,OSLA,1.0,-1.0,MCTS_v0
-908564208,Checkers,0,GAME_OVER,187,186,2,369,OSLA,0.0,0.0,MCTS_v0
1469001952,Checkers,0,GAME_OVER,75,74,2,370,OSLA,0.0,0.0,MCTS_v0
1791294940,Checkers,0,GAME_OVER,156,155,2,371,OSLA,0.0,0.0,MCTS_v0
1990314673,Checkers,0,GAME_OVER,125,124,2,372,OSLA,1.0,-1.0,MCTS_v0
12652661,Checkers,0,GAME_OVER,149,148,2,373,OSLA,1.0,-1.0,MCTS_v0
785999304,Checkers,0,GAME_OVER,87,86,2,374,OSLA,-1.0,1.0,MCTS_v0
1108454703,Checkers,0,GAME_OVER,90,89,2,375,OSLA,-1.0,1.0,MCTS_v0
-253260603,Checkers,0,GAME_OVER,222,221,2,376,OSLA,0.0,0.0,MCTS_v0
-783752995,Checkers,0,GAME_OVER,150,149,2,377,OSLA,1.0,-1.0,MCTS_v0
1474780237,Checkers,0,GAME_OVER,156,155,2,378,OSLA,1.0,-1.0,MCTS_v0
-2057680593,Checkers,0,GAME_OVER,94,93,2,379,OSLA,1.0,-1.0,MCTS_v0
-471436695,Checkers,0,GAME_OVER,160,159,2,380,OSLA,0.0,0.0,MCTS_v0
1404712714,Checkers,0,GAME_OVER,146,145,2,381,OSLA,1.0,-1.0,MCTS_v0
1048899026,Checkers,0,GAME_OVER,164,163,2,382,OSLA,0.0,0.0,MCTS_v0
2003168521,Checkers,0,GAME_OVER,82,81,2,383,OSLA,-1.0,1.0,MCTS_v0
-720761396,Checkers,0,GAME_OVER,170,169,2,384,OSLA,0.0,0.0,MCTS_v0
-2038267453,Checkers,0,GAME_OVER,108,107,2,385,OSLA,1.0,-1.0,MCTS_v0
938760057,Checkers,0,GAME_OVER,177,176,2,386,OSLA,1.0,-1.0,MCTS_v0
-1861596014,Checkers,0,GAME_OVER,84,83,2,387,OSLA,-1.0,1.0,MCTS_v0
1858745298,Checkers,0,GAME_OVER,131,130,2,388,OSLA,1.0,-1.0,MCTS_v0
-38120216,Checkers,0,GAME_OVER,156,155,2,389,OSLA,-1.0,1.0,MCTS_v0
1869762978,Checkers,0,GAME_OVER,128,127,2,390,OSLA,1.0,-1.0,MCTS_v0
138039162,Checkers,0,GAME_OVER,150,149,2,391,OSLA,1.0,-1.0,MCTS_v0
1296288057,Checkers,0,GAME_OVER,135,134,2,392,OSLA,0.0,0.0,MCTS_v0
-1649206842,Checkers,0,GAME_OVER,90,89,2,393,OSLA,1.0,-1.0,MCTS_v0
107322290,Checkers,0,GAME_OVER,144,143,2,394,OSLA,0.0,0.0,MCTS_v0
210152385,Checkers,0,GAME_OVER,127,126,2,395,OSLA,1.0,-1.0,MCTS_v0
1185857021,Checkers,0,GAME_OVER,104,103,2,396,OSLA,1.0,-1.0,MCTS_v0
-314642260,Checkers,0,GAME_OVER,124,123,2,397,OSLA,1.0,-1.0,MCTS_v0
-32178155,Checkers,0,GAME_OVER,102,101,2,398,OSLA,1.0,-1.0,MCTS_v0
-51825815,Checkers,0,GAME_OVER,193,192,2,399,OSLA,-1.0,1.0,MCTS_v0
-1263674626,Checkers,0,GAME_OVER,158,157,2,400,OSLA,0.0,0.0,MCTS_v0
-895707202,Checkers,0,GAME_OVER,104,103,2,401,OSLA,1.0,-1.0,MCTS_v0
-722791291,Checkers,0,GAME_OVER,101,100,2,402,OSLA,-1.0,1.0,MCTS_v0
1930086764,Checkers,0,GAME_OVER,115,114,2,403,OSLA,1.0,-1.0,MCTS_v0
-2078587425,Checkers,0,GAME_OVER,81,80,2,404,OSLA,-1.0,1.0,MCTS_v0
842689288,Checkers,0,GAME_OVER,165,164,2,405,OSLA,0.0,0.0,MCTS_v0
-1006683509,Checkers,0,GAME_OVER,124,123,2,406,OSLA,1.0,-1.0,MCTS_v0
2126459376,Checkers,0,GAME_OVER,169,168,2,407,OSLA,0.0,0.0,MCTS_v0
-843129040,Checkers,0,GAME_OVER,127,126,2,408,OSLA,1.0,-1.0,MCTS_v0
505467350,Checkers,0,GAME_OVER,89,88,2,409,OSLA,-1.0,1.0,MCTS_v0
521118790,Checkers,0,GAME_OVER,89,88,2,410,OSLA,-1.0,1.0,MCTS_v0
-2140065352,Checkers,0,GAME_OVER,81,80,2,411,OSLA,1.0,-1.0,MCTS_v0
-1853235506,Checkers,0,GAME_OVER,145,144,2,412,OSLA,1.0,-1.0,MCTS_v0
-1325028030,Checkers,0,GAME_OVER,213,212,2,413,OSLA,0.0,0.0,MCTS_v0
1771069802,Checkers,0,GAME_OVER,151,150,2,414,OSLA,0.0,0.0,MCTS_v0
502051038,Checkers,0,GAME_OVER,136,135,2,415,OSLA,1.0,-1.0,MCTS_v0
-1580903799,Checkers,0,GAME_OVER,90,89,2,416,OSLA,-1.0,1.0,MCTS_v0
370121741,Checkers,0,GAME_OVER,88,87,2,417,OSLA,-1.0,1.0,MCTS_v0
1798289547,Checkers,0,GAME_OVER,99,98,2,418,OSLA,1.0,-1.0,MCTS_v0
698078399,Checkers,0,GAME_OVER,115,114,2,419,OSLA,1.0,-1.0,MCTS_v0
-2108202232,Checkers,0,GAME_OVER,115,114,2,420,OSLA,1.0,-1.0,MCTS_v0
124331954,Checkers,0,GAME_OVER,97,96,2,421,OSLA,-1.0,1.0,MCTS_v0
-1653583717,Checkers,0,GAME_OVER,130,129,2,422,OSLA,1.0,-1.0,MCTS_v0
-1943583435,Checkers,0,GAME_OVER,153,152,2,423,OSLA,1.0,-1.0,MCTS_v0
-1004698903,Checkers,0,GAME_OVER,95,94,2,424,OSLA,1.0,-1.0,MCTS_v0
1731276472,Checkers,0,GAME_OVER,92,91,2,425,OSLA,-1.0,1.0,MCTS_v0
654175921,Checkers,0,GAME_OVER,114,113,2,426,OSLA,1.0,-1.0,MCTS_v0
1387860235,Checkers,0,GAME_OVER,115,114,2,427,OSLA,1.0,-1.0,MCTS_v0
1670900780,Checkers,0,GAME_OVER,117,116,2,428,OSLA,1.0,-1.0,MCTS_v0
-245948345,Checkers,0,GAME_OVER,199,198,2,429,OSLA,0.0,0.0,MCTS_v0
-1201026037,Checkers,0,GAME_OVER,134,133,2,430,OSLA,1.0,-1.0,MCTS_v0
-1541085779,Checkers,0,GAME_OVER,109,108,2,431,OSLA,1.0,-1.0,MCTS_v0
-1090187311,Checkers,0,GAME_OVER,124,123,2,432,OSLA,1.0,-1.0,MCTS_v0
-825828098,Checkers,0,GAME_OVER,96,95,2,433,OSLA,-1.0,1.0,MCTS_v0
-1119369130,Checkers,0,GAME_OVER,91,90,2,434,OSLA,-1.0,1.0,MCTS_v0
875531807,Checkers,0,GAME_OVER,213,212,2,435,OSLA,0.0,0.0,MCTS_v0
-1999512642,Checkers,0,GAME_OVER,71,70,2,436,OSLA,-1.0,1.0,MCTS_v0
-734965501,Checkers,0,GAME_OVER,87,86,2,437,OSLA,-1.0,1.0,MCTS_v0
-1267336148,Checkers,0,GAME_OVER,91,90,2,438,OSLA,-1.0,1.0,MCTS_v0
-1319441104,Checkers,0,GAME_OVER,143,142,2,439,OSLA,0.0,0.0,MCTS_v0
-1976698138,Checkers,0,GAME_OVER,100,99,2,440,OSLA,-1.0,1.0,MCTS_v0
-436462757,Checkers,0,GAME_OVER,129,128,2,441,OSLA,1.0,-1.0,MCTS_v0
653029341,Checkers,0,GAME_OVER,182,181,2,442,OSLA,0.0,0.0,MCTS_v0
-298129682,Checkers,0,GAME_OVER,207,206,2,443,OSLA,0.0,0.0,MCTS_v0
1424061352,Checkers,0,GAME_OVER,122,121,2,444,OSLA,1.0,-1.0,MCTS_v0
1488180858,Checkers,0,GAME_OVER,108,107,2,445,OSLA,-1.0,1.0,MCTS_v0
264104569,Checkers,0,GAME_OVER,97,96,2,446,OSLA,-1.0,1.0,OSLA
516312140,Checkers,0,GAME_OVER,158,157,2,447,OSLA,0.0,0.0,OSLA
-539140723,Checkers,0,GAME_OVER,191,190,2,448,OSLA,0.0,0.0,OSLA
-271513057,Checkers,0,GAME_OVER,102,101,2,449,OSLA,0.0,0.0,OSLA
-2038676025,Checkers,0,GAME_OVER,86,85,2,450,OSLA,-1.0,1.0,OSLA
-1593724497,Checkers,0,GAME_OVER,113,112,2,451,OSLA,0.0,0.0,OSLA
488996705,Checkers,0,GAME_OVER,144,143,2,452,OSLA,1.0,-1.0,OSLA
-1125614055,Checkers,0,GAME_OVER,96,95,2,453,OSLA,-1.0,1.0,OSLA
-1288124729,Checkers,0,GAME_OVER,219,218,2,454,OSLA,0.0,0.0,OSLA
1294879389,Checkers,0,GAME_OVER,48,47,2,455,OSLA,1.0,-1.0,OSLA
1040404489,Checkers,0,GAME_OVER,40,39,2,456,OSLA,0.0,0.0,OSLA
-984849494,Checkers,0,GAME_OVER,155,154,2,457,OSLA,-1.0,1.0,OSLA
-185845077,Checkers,0,GAME_OVER,88,87,2,458,OSLA,1.0,-1.0,OSLA
-1932006159,Checkers,0,GAME_OVER,87,86,2,459,OSLA,-1.0,1.0,OSLA
1916951788,Checkers,0,GAME_OVER,96,95,2,460,OSLA,-1.0,1.0,OSLA
1434939105,Checkers,0,GAME_OVER,88,87,2,461,OSLA,-1.0,1.0,OSLA
880880823,Checkers,0,GAME_OVER,155,154,2,462,OSLA,0.0,0.0,OSLA
-511924171,Checkers,0,GAME_OVER,76,75,2,463,OSLA,-1.0,1.0,OSLA
-1082529320,Checkers,0,GAME_OVER,133,132,2,464,OSLA,0.0,0.0,OSLA
-90770320,Checkers,0,GAME_OVER,35,34,2,465,OSLA,1.0,-1.0,OSLA
-1752699852,Checkers,0,GAME_OVER,174,173,2,466,OSLA,0.0,0.0,OSLA
-847477109,Checkers,0,GAME_OVER,120,119,2,467,OSLA,-1.0,1.0,OSLA
547285521,Checkers,0,GAME_OVER,85,84,2,468,OSLA,1.0,-1.0,OSLA
256503586,Checkers,0,GAME_OVER,89,88,2,469,OSLA,1.0,-1.0,OSLA
-1638892117,Checkers,0,GAME_OVER,86,85,2,470,OSLA,-1.0,1.0,OSLA
1741289425,Checkers,0,GAME_OVER,98,97,2,471,OSLA,1.0,-1.0,OSLA
-443287891,Checkers,0,GAME_OVER,59,58,2,472,OSLA,1.0,-1.0,OSLA
-1320396371,Checkers,0,GAME_OVER,90,89,2,473,OSLA,1.0,-1.0,OSLA
1695935311,Checkers,0,GAME_OVER,120,119,2,474,OSLA,-1.0,1.0,OSLA
-929871104,Checkers,0,GAME_OVER,108,107,2,475,OSLA,1.0,-1.0,OSLA
-627976674,Checkers,0,GAME_OVER,89,88,2,476,OSLA,1.0,-1.0,OSLA
-957882198,Checkers,0,GAME_OVER,96,95,2,477,OSLA,0.0,0.0,OSLA
-894850886,Checkers,0,GAME_OVER,134,133,2,478,OSLA,-1.0,1.0,OSLA
2109725140,Checkers,0,GAME_OVER,40,39,2,479,OSLA,0.0,0.0,OSLA
-908564208,Checkers,0,GAME_OVER,86,85,2,480,OSLA,1.0,-1.0,OSLA
1469001952,Checkers,0,GAME_OVER,102,101,2,481,OSLA,1.0,-1.0,OSLA
1791294940,Checkers,0,GAME_OVER,98,97,2,482,OSLA,1.0,-1.0,OSLA
1990314673,Checkers,0,GAME_OVER,139,138,2,483,OSLA,0.0,0.0,OSLA
12652661,Checkers,0,GAME_OVER,47,46,2,484,OSLA,-1.0,1.0,OSLA
785999304,Checkers,0,GAME_OVER,45,44,2,485,OSLA,1.0,-1.0,OSLA
1108454703,Checkers,0,GAME_OVER,98,97,2,486,OSLA,1.0,-1.0,OSLA
-253260603,Checkers,0,GAME_OVER,89,88,2,487,OSLA,-1.0,1.0,OSLA
-783752995,Checkers,0,GAME_OVER,122,121,2,488,OSLA,1.0,-1.0,OSLA
1474780237,Checkers,0,GAME_OVER,138,137,2,489,OSLA,1.0,-1.0,OSLA
-2057680593,Checkers,0,GAME_OVER,95,94,2,490,OSLA,-1.0,1.0,OSLA
-471436695,Checkers,0,GAME_OVER,133,132,2,491,OSLA,0.0,0.0,OSLA
1404712714,Checkers,0,GAME_OVER,133,132,2,492,OSLA,1.0,-1.0,OSLA
1048899026,Checkers,0,GAME_OVER,87,86,2,493,OSLA,-1.0,1.0,OSLA
2003168521,Checkers,0,GAME_OVER,127,126,2,494,OSLA,1.0,-1.0,OSLA
-720761396,Checkers,0,GAME_OVER,100,99,2,495,OSLA,-1.0,1.0,OSLA
-2038267453,Checkers,0,GAME_OVER,96,95,2,496,OSLA,1.0,-1.0,OSLA
938760057,Checkers,0,GAME_OVER,91,90,2,497,OSLA,1.0,-1.0,OSLA
-1861596014,Checkers,0,GAME_OVER,98,97,2,498,OSLA,-1.0,1.0,OSLA
1858745298,Checkers,0,GAME_OVER,105,104,2,499,OSLA,1.0,-1.0,OSLA
-38120216,Checkers,0,GAME_OVER,84,83,2,500,OSLA,-1.0,1.0,OSLA
1869762978,Checkers,0,GAME_OVER,89,88,2,501,OSLA,-1.0,1.0,OSLA
138039162,Checkers,0,GAME_OVER,115,114,2,502,OSLA,1.0,-1.0,OSLA
1296288057,Checkers,0,GAME_OVER,118,117,2,503,OSLA,1.0,-1.0,OSLA
-1649206842,Checkers,0,GAME_OVER,125,124,2,504,OSLA,0.0,0.0,OSLA
107322290,Checkers,0,GAME_OVER,95,94,2,505,OSLA,-1.0,1.0,OSLA
210152385,Checkers,0,GAME_OVER,99,98,2,506,OSLA,1.0,-1.0,OSLA
1185857021,Checkers,0,GAME_OVER,169,168,2,507,OSLA,1.0,-1.0,OSLA
-314642260,Checkers,0,GAME_OVER,86,85,2,508,OSLA,-1.0,1.0,OSLA
-32178155,Checkers,0,GAME_OVER,123,122,2,509,OSLA,1.0,-1.0,OSLA
-51825815,Checkers,0,GAME_OVER,118,117,2,510,OSLA,0.0,0.0,OSLA
-1263674626,Checkers,0,GAME_OVER,97,96,2,511,OSLA,-1.0,1.0,OSLA
-895707202,Checkers,0,GAME_OVER,154,153,2,512,OSLA,0.0,0.0,OSLA
-722791291,Checkers,0,GAME_OVER,78,77,2,513,OSLA,-1.0,1.0,OSLA
1930086764,Checkers,0,GAME_OVER,152,151,2,514,OSLA,1.0,-1.0,OSLA
-2078587425,Checkers,0,GAME_OVER,92,91,2,515,OSLA,-1.0,1.0,OSLA
842689288,Checkers,0,GAME_OVER,85,84,2,516,OSLA,1.0,-1.0,OSLA
-1006683509,Checkers,0,GAME_OVER,100,99,2,517,OSLA,-1.0,1.0,OSLA
2126459376,Checkers,0,GAME_OVER,35,34,2,518,OSLA,1.0,-1.0,OSLA
-843129040,Checkers,0,GAME_OVER,78,77,2,519,OSLA,-1.0,1.0,OSLA
505467350,Checkers,0,GAME_OVER,126,125,2,520,OSLA,1.0,-1.0,OSLA
521118790,Checkers,0,GAME_OVER,82,81,2,521,OSLA,1.0,-1.0,OSLA
-2140065352,Checkers,0,GAME_OVER,101,100,2,522,OSLA,1.0,-1.0,OSLA
-1853235506,Checkers,0,GAME_OVER,93,92,2,523,OSLA,-1.0,1.0,OSLA
-1325028030,Checkers,0,GAME_OVER,156,155,2,524,OSLA,0.0,0.0,OSLA
1771069802,Checkers,0,GAME_OVER,82,81,2,525,OSLA,1.0,-1.0,OSLA
502051038,Checkers,0,GAME_OVER,111,110,2,526,OSLA,-1.0,1.0,OSLA
-1580903799,Checkers,0,GAME_OVER,166,165,2,527,OSLA,0.0,0.0,OSLA
370121741,Checkers,0,GAME_OVER,95,94,2,528,OSLA,-1.0,1.0,OSLA
1798289547,Checkers,0,GAME_OVER,96,95,2,529,OSLA,-1.0,1.0,OSLA
698078399,Checkers,0,GAME_OVER,89,88,2,530,OSLA,1.0,-1.0,OSLA
-2108202232,Checkers,0,GAME_OVER,106,105,2,531,OSLA,-1.0,1.0,OSLA
124331954,Checkers,0,GAME_OVER,96,95,2,532,OSLA,1.0,-1.0,OSLA
-1653583717,Checkers,0,GAME_OVER,186,185,2,533,OSLA,0.0,0.0,OSLA
-1943583435,Checkers,0,GAME_OVER,121,120,2,534,OSLA,-1.0,1.0,OSLA
-1004698903,Checkers,0,GAME_OVER,85,84,2,535,OSLA,-1.0,1.0,OSLA
1731276472,Checkers,0,GAME_OVER,83,82,2,536,OSLA,1.0,-1.0,OSLA
654175921,Checkers,0,GAME_OVER,119,118,2,537,OSLA,0.0,0.0,OSLA
1387860235,Checkers,0,GAME_OVER,175,174,2,538,OSLA,0.0,0.0,OSLA
1670900780,Checkers,0,GAME_OVER,107,106,2,539,OSLA,-1.0,1.0,OSLA
-245948345,Checkers,0,GAME_OVER,145,144,2,540,OSLA,1.0,-1.0,OSLA
-1201026037,Checkers,0,GAME_OVER,90,89,2,541,OSLA,-1.0,1.0,OSLA
-1541085779,Checkers,0,GAME_OVER,159,158,2,542,OSLA,-1.0,1.0,OSLA
-1090187311,Checkers,0,GAME_OVER,36,35,2,543,OSLA,-1.0,1.0,OSLA
-825828098,Checkers,0,GAME_OVER,93,92,2,544,OSLA,1.0,-1.0,OSLA
-1119369130,Checkers,0,GAME_OVER,94,93,2,545,OSLA,1.0,-1.0,OSLA
875531807,Checkers,0,GAME_OVER,76,75,2,546,OSLA,-1.0,1.0,OSLA
-1999512642,Checkers,0,GAME_OVER,101,100,2,547,OSLA,-1.0,1.0,OSLA
-734965501,Checkers,0,GAME_OVER,139,138,2,548,OSLA,-1.0,1.0,OSLA
-1267336148,Checkers,0,GAME_OVER,90,89,2,549,OSLA,1.0,-1.0,OSLA
-1319441104,Checkers,0,GAME_OVER,98,97,2,550,OSLA,-1.0,1.0,OSLA
-1976698138,Checkers,0,GAME_OVER,113,112,2,551,OSLA,1.0,-1.0,OSLA
-436462757,Checkers,0,GAME_OVER,92,91,2,552,OSLA,1.0,-1.0,OSLA
653029341,Checkers,0,GAME_OVER,129,128,2,553,OSLA,0.0,0.0,OSLA
-298129682,Checkers,0,GAME_OVER,86,85,2,554,OSLA,-1.0,1.0,OSLA
1424061352,Checkers,0,GAME_OVER,93,92,2,555,OSLA,-1.0,1.0,OSLA
1488180858,Checkers,0,GAME_OVER,94,93,2,556,OSLA,-1.0,1.0,OSLA
264104569,Checkers,0,GAME_OVER,83,82,2,557,OSLA,-1.0,1.0,Random
516312140,Checkers,0,GAME_OVER,79,78,2,558,OSLA,-1.0,1.0,Random
-539140723,Checkers,0,GAME_OVER,78,77,2,559,OSLA,-1.0,1.0,Random
-271513057,Checkers,0,GAME_OVER,88,87,2,560,OSLA,-1.0,1.0,Random
-2038676025,Checkers,0,GAME_OVER,78,77,2,561,OSLA,-1.0,1.0,Random
-1593724497,Checkers,0,GAME_OVER,80,79,2,562,OSLA,-1.0,1.0,Random
488996705,Checkers,0,GAME_OVER,83,82,2,563,OSLA,-1.0,1.0,Random
-1125614055,Checkers,0,GAME_OVER,89,88,2,564,OSLA,-1.0,1.0,Random
-1288124729,Checkers,0,GAME_OVER,67,66,2,565,OSLA,-1.0,1.0,Random
1294879389,Checkers,0,GAME_OVER,76,75,2,566,OSLA,-1.0,1.0,Random
1040404489,Checkers,0,GAME_OVER,73,72,2,567,OSLA,-1.0,1.0,Random
-984849494,Checkers,0,GAME_OVER,84,83,2,568,OSLA,-1.0,1.0,Random
-185845077,Checkers,0,GAME_OVER,70,69,2,569,OSLA,-1.0,1.0,Random
-1932006159,Checkers,0,GAME_OVER,66,65,2,570,OSLA,-1.0,1.0,Random
1916951788,Checkers,0,GAME_OVER,76,75,2,571,OSLA,-1.0,1.0,Random
1434939105,Checkers,0,GAME_OVER,93,92,2,572,OSLA,-1.0,1.0,Random
880880823,Checkers,0,GAME_OVER,73,72,2,573,OSLA,-1.0,1.0,Random
-511924171,Checkers,0,GAME_OVER,77,76,2,574,OSLA,-1.0,1.0,Random
-1082529320,Checkers,0,GAME_OVER,88,87,2,575,OSLA,-1.0,1.0,Random
-90770320,Checkers,0,GAME_OVER,70,69,2,576,OSLA,-1.0,1.0,Random
-1752699852,Checkers,0,GAME_OVER,79,78,2,577,OSLA,-1.0,1.0,Random
-847477109,Checkers,0,GAME_OVER,67,66,2,578,OSLA,-1.0,1.0,Random
547285521,Checkers,0,GAME_OVER,65,64,2,579,OSLA,-1.0,1.0,Random
256503586,Checkers,0,GAME_OVER,84,83,2,580,OSLA,-1.0,1.0,Random
-1638892117,Checkers,0,GAME_OVER,72,71,2,581,OSLA,-1.0,1.0,Random
1741289425,Checkers,0,GAME_OVER,82,81,2,582,OSLA,-1.0,1.0,Random
-443287891,Checkers,0,GAME_OVER,66,65,2,583,OSLA,-1.0,1.0,Random
-1320396371,Checkers,0,GAME_OVER,61,60,2,584,OSLA,-1.0,1.0,Random
1695935311,Checkers,0,GAME_OVER,100,99,2,585,OSLA,-1.0,1.0,Random
-929871104,Checkers,0,GAME_OVER,69,68,2,586,OSLA,-1.0,1.0,Random
-627976674,Checkers,0,GAME_OVER,89,88,2,587,OSLA,-1.0,1.0,Random
-957882198,Checkers,0,GAME_OVER,74,73,2,588,OSLA,-1.0,1.0,Random
-894850886,Checkers,0,GAME_OVER,68,67,2,589,OSLA,-1.0,1.0,Random
2109725140,Checkers,0,GAME_OVER,90,89,2,590,OSLA,-1.0,1.0,Random
-908564208,Checkers,0,GAME_OVER,64,63,2,591,OSLA,-1.0,1.0,Random
1469001952,Checkers,0,GAME_OVER,68,67,2,592,OSLA,-1.0,1.0,Random
1791294940,Checkers,0,GAME_OVER,77,76,2,593,OSLA,-1.0,1.0,Random
1990314673,Checkers,0,GAME_OVER,83,82,2,594,OSLA,-1.0,1.0,Random
12652661,Checkers,0,GAME_OVER,83,82,2,595,OSLA,-1.0,1.0,Random
785999304,Checkers,0,GAME_OVER,66,65,2,596,OSLA,-1.0,1.0,Random
1108454703,Checkers,0,GAME_OVER,78,77,2,597,OSLA,-1.0,1.0,Random
-253260603,Checkers,0,GAME_OVER,71,70,2,598,OSLA,-1.0,1.0,Random
-783752995,Checkers,0,GAME_OVER,82,81,2,599,OSLA,-1.0,1.0,Random
1474780237,Checkers,0,GAME_OVER,66,65,2,600,OSLA,-1.0,1.0,Random
-2057680593,Checkers,0,GAME_OVER,106,105,2,601,OSLA,-1.0,1.0,Random
-471436695,Checkers,0,GAME_OVER,70,69,2,602,OSLA,-1.0,1.0,Random
1404712714,Checkers,0,GAME_OVER,91,90,2,603,OSLA,-1.0,1.0,Random
1048899026,Checkers,0,GAME_OVER,92,91,2,604,OSLA,-1.0,1.0,Random
2003168521,Checkers,0,GAME_OVER,94,93,2,605,OSLA,-1.0,1.0,Random
-720761396,Checkers,0,GAME_OVER,91,90,2,606,OSLA,-1.0,1.0,Random
-2038267453,Checkers,0,GAME_OVER,71,70,2,607,OSLA,-1.0,1.0,Random
938760057,Checkers,0,GAME_OVER,79,78,2,608,OSLA,-1.0,1.0,Random
-1861596014,Checkers,0,GAME_OVER,83,82,2,609,OSLA,-1.0,1.0,Random
1858745298,Checkers,0,GAME_OVER,63,62,2,610,OSLA,-1.0,1.0,Random
-38120216,Checkers,0,GAME_OVER,63,62,2,611,OSLA,-1.0,1.0,Random
1869762978,Checkers,0,GAME_OVER,67,66,2,612,OSLA,-1.0,1.0,Random
138039162,Checkers,0,GAME_OVER,68,67,2,613,OSLA,-1.0,1.0,Random
1296288057,Checkers,0,GAME_OVER,85,84,2,614,OSLA,-1.0,1.0,Random
-1649206842,Checkers,0,GAME_OVER,68,67,2,615,OSLA,-1.0,1.0,Random
107322290,Checkers,0,GAME_OVER,74,73,2,616,OSLA,-1.0,1.0,Random
210152385,Checkers,0,GAME_OVER,87,86,2,617,OSLA,-1.0,1.0,Random
1185857021,Checkers,0,GAME_OVER,76,75,2,618,OSLA,-1.0,1.0,Random
-314642260,Checkers,0,GAME_OVER,76,75,2,619,OSLA,-1.0,1.0,Random
-32178155,Checkers,0,GAME_OVER,71,70,2,620,OSLA,-1.0,1.0,Random
-51825815,Checkers,0,GAME_OVER,83,82,2,621,OSLA,-1.0,1.0,Random
-1263674626,Checkers,0,GAME_OVER,62,61,2,622,OSLA,-1.0,1.0,Random
-895707202,Checkers,0,GAME_OVER,76,75,2,623,OSLA,-1.0,1.0,Random
-722791291,Checkers,0,GAME_OVER,63,62,2,624,OSLA,-1.0,1.0,Random
1930086764,Checkers,0,GAME_OVER,78,77,2,625,OSLA,-1.0,1.0,Random
-2078587425,Checkers,0,GAME_OVER,62,61,2,626,OSLA,-1.0,1.0,Random
842689288,Checkers,0,GAME_OVER,67,66,2,627,OSLA,-1.0,1.0,Random
-1006683509,Checkers,0,GAME_OVER,71,70,2,628,OSLA,-1.0,1.0,Random
2126459376,Checkers,0,GAME_OVER,72,71,2,629,OSLA,-1.0,1.0,Random
-843129040,Checkers,0,GAME_OVER,79,78,2,630,OSLA,-1.0,1.0,Random
505467350,Checkers,0,GAME_OVER,80,79,2,631,OSLA,-1.0,1.0,Random
521118790,Checkers,0,GAME_OVER,71,70,2,632,OSLA,-1.0,1.0,Random
-2140065352,Checkers,0,GAME_OVER,69,68,2,633,OSLA,-1.0,1.0,Random
-1853235506,Checkers,0,GAME_OVER,76,75,2,634,OSLA,-1.0,1.0,Random
-1325028030,Checkers,0,GAME_OVER,66,65,2,635,OSLA,-1.0,1.0,Random
1771069802,Checkers,0,GAME_OVER,73,72,2,636,OSLA,-1.0,1.0,Random
502051038,Checkers,0,GAME_OVER,71,70,2,637,OSLA,-1.0,1.0,Random
-1580903799,Checkers,0,GAME_OVER,84,83,2,638,OSLA,-1.0,1.0,Random
370121741,Checkers,0,GAME_OVER,79,78,2,639,OSLA,-1.0,1.0,Random
1798289547,Checkers,0,GAME_OVER,70,69,2,640,OSLA,-1.0,1.0,Random
698078399,Checkers,0,GAME_OVER,74,73,2,641,OSLA,-1.0,1.0,Random
-2108202232,Checkers,0,GAME_OVER,75,74,2,642,OSLA,-1.0,1.0,Random
124331954,Checkers,0,GAME_OVER,93,92,2,643,OSLA,-1.0,1.0,Random
-1653583717,Checkers,0,GAME_OVER,76,75,2,644,OSLA,-1.0,1.0,Random
-1943583435,Checkers,0,GAME_OVER,71,70,2,645,OSLA,-1.0,1.0,Random
-1004698903,Checkers,0,GAME_OVER,74,73,2,646,OSLA,-1.0,1.0,Random
1731276472,Checkers,0,GAME_OVER,73,72,2,647,OSLA,-1.0,1.0,Random
654175921,Checkers,0,GAME_OVER,73,72,2,648,OSLA,-1.0,1.0,Random
1387860235,Checkers,0,GAME_OVER,74,73,2,649,OSLA,-1.0,1.0,Random
1670900780,Checkers,0,GAME_OVER,66,65,2,650,OSLA,-1.0,1.0,Random
-245948345,Checkers,0,GAME_OVER,93,92,2,651,OSLA,-1.0,1.0,Random
-1201026037,Checkers,0,GAME_OVER,82,81,2,652,OSLA,-1.0,1.0,Random
-1541085779,Checkers,0,GAME_OVER,83,82,2,653,OSLA,-1.0,1.0,Random
-1090187311,Checkers,0,GAME_OVER,79,78,2,654,OSLA,-1.0,1.0,Random
-825828098,Checkers,0,GAME_OVER,69,68,2,655,OSLA,-1.0,1.0,Random
-1119369130,Checkers,0,GAME_OVER,67,66,2,656,OSLA,-1.0,1.0,Random
875531807,Checkers,0,GAME_OVER,77,76,2,657,OSLA,-1.0,1.0,Random
-1999512642,Checkers,0,GAME_OVER,78,77,2,658,OSLA,-1.0,1.0,Random
-734965501,Checkers,0,GAME_OVER,65,64,2,659,OSLA,-1.0,1.0,Random
-1267336148,Checkers,0,GAME_OVER,83,82,2,660,OSLA,-1.0,1.0,Random
-1319441104,Checkers,0,GAME_OVER,80,79,2,661,OSLA,-1.0,1.0,Random
-1976698138,Checkers,0,GAME_OVER,80,79,2,662,OSLA,-1.0,1.0,Random
-436462757,Checkers,0,GAME_OVER,83,82,2,663,OSLA,-1.0,1.0,Random
653029341,Checkers,0,GAME_OVER,86,85,2,664,OSLA,-1.0,1.0,Random
-298129682,Checkers,0,GAME_OVER,82,81,2,665,OSLA,-1.0,1.0,Random
1424061352,Checkers,0,GAME_OVER,74,73,2,666,OSLA,-1.0,1.0,Random
1488180858,Checkers,0,GAME_OVER,69,68,2,667,OSLA,-1.0,1.0,Random
264104569,Checkers,0,GAME_OVER,77,76,2,668,Random,1.0,-1.0,MCTS_v0
516312140,Checkers,0,GAME_OVER,111,110,2,669,Random,1.0,-1.0,MCTS_v0
-539140723,Checkers,0,GAME_OVER,74,73,2,670,Random,1.0,-1.0,MCTS_v0
-271513057,Checkers,0,GAME_OVER,98,97,2,671,Random,1.0,-1.0,MCTS_v0
-2038676025,Checkers,0,GAME_OVER,73,72,2,672,Random,1.0,-1.0,MCTS_v0
-1593724497,Checkers,0,GAME_OVER,78,77,2,673,Random,1.0,-1.0,MCTS_v0
488996705,Checkers,0,GAME_OVER,84,83,2,674,Random,1.0,-1.0,MCTS_v0
-1125614055,Checkers,0,GAME_OVER,88,87,2,675,Random,1.0,-1.0,MCTS_v0
-1288124729,Checkers,0,GAME_OVER,102,101,2,676,Random,1.0,-1.0,MCTS_v0
1294879389,Checkers,0,GAME_OVER,76,75,2,677,Random,1.0,-1.0,MCTS_v0
1040404489,Checkers,0,GAME_OVER,137,136,2,678,Random,1.0,-1.0,MCTS_v0
-984849494,Checkers,0,GAME_OVER,89,88,2,679,Random,1.0,-1.0,MCTS_v0
-185845077,Checkers,0,GAME_OVER,81,80,2,680,Random,1.0,-1.0,MCTS_v0
-1932006159,Checkers,0,GAME_OVER,79,78,2,681,Random,1.0,-1.0,MCTS_v0
1916951788,Checkers,0,GAME_OVER,74,73,2,682,Random,1.0,-1.0,MCTS_v0
1434939105,Checkers,0,GAME_OVER,72,71,2,683,Random,1.0,-1.0,MCTS_v0
880880823,Checkers,0,GAME_OVER,83,82,2,684,Random,1.0,-1.0,MCTS_v0
-511924171,Checkers,0,GAME_OVER,114,113,2,685,Random,1.0,-1.0,MCTS_v0
-1082529320,Checkers,0,GAME_OVER,70,69,2,686,Random,1.0,-1.0,MCTS_v0
-90770320,Checkers,0,GAME_OVER,68,67,2,687,Random,1.0,-1.0,MCTS_v0
-1752699852,Checkers,0,GAME_OVER,72,71,2,688,Random,1.0,-1.0,MCTS_v0
-847477109,Checkers,0,GAME_OVER,61,60,2,689,Random,1.0,-1.0,MCTS_v0
547285521,Checkers,0,GAME_OVER,89,88,2,690,Random,1.0,-1.0,MCTS_v0
256503586,Checkers,0,GAME_OVER,88,87,2,691,Random,1.0,-1.0,MCTS_v0
-1638892117,Checkers,0,GAME_OVER,86,85,2,692,Random,1.0,-1.0,MCTS_v0
1741289425,Checkers,0,GAME_OVER,63,62,2,693,Random,1.0,-1.0,MCTS_v0
-443287891,Checkers,0,GAME_OVER,96,95,2,694,Random,1.0,-1.0,MCTS_v0
-1320396371,Checkers,0,GAME_OVER,76,75,2,695,Random,1.0,-1.0,MCTS_v0
1695935311,Checkers,0,GAME_OVER,86,85,2,696,Random,1.0,-1.0,MCTS_v0
-929871104,Checkers,0,GAME_OVER,74,73,2,697,Random,1.0,-1.0,MCTS_v0
-627976674,Checkers,0,GAME_OVER,78,77,2,698,Random,1.0,-1.0,MCTS_v0
-957882198,Checkers,0,GAME_OVER,81,80,2,699,Random,1.0,-1.0,MCTS_v0
-894850886,Checkers,0,GAME_OVER,72,71,2,700,Random,1.0,-1.0,MCTS_v0
2109725140,Checkers,0,GAME_OVER,81,80,2,701,Random,1.0,-1.0,MCTS_v0
-908564208,Checkers,0,GAME_OVER,100,99,2,702,Random,1.0,-1.0,MCTS_v0
1469001952,Checkers,0,GAME_OVER,80,79,2,703,Random,1.0,-1.0,MCTS_v0
1791294940,Checkers,0,GAME_OVER,75,74,2,704,Random,1.0,-1.0,MCTS_v0
1990314673,Checkers,0,GAME_OVER,91,90,2,705,Random,1.0,-1.0,MCTS_v0
12652661,Checkers,0,GAME_OVER,111,110,2,706,Random,1.0,-1.0,MCTS_v0
785999304,Checkers,0,GAME_OVER,97,96,2,707,Random,1.0,-1.0,MCTS_v0
1108454703,Checkers,0,GAME_OVER,86,85,2,708,Random,1.0,-1.0,MCTS_v0
-253260603,Checkers,0,GAME_OVER,79,78,2,709,Random,1.0,-1.0,MCTS_v0
-783752995,Checkers,0,GAME_OVER,70,69,2,710,Random,1.0,-1.0,MCTS_v0
1474780237,Checkers,0,GAME_OVER,65,64,2,711,Random,1.0,-1.0,MCTS_v0
-2057680593,Checkers,0,GAME_OVER,93,92,2,712,Random,1.0,-1.0,MCTS_v0
-471436695,Checkers,0,GAME_OVER,105,104,2,713,Random,1.0,-1.0,MCTS_v0
1404712714,Checkers,0,GAME_OVER,75,74,2,714,Random,1.0,-1.0,MCTS_v0
1048899026,Checkers,0,GAME_OVER,80,79,2,715,Random,1.0,-1.0,MCTS_v0
2003168521,Checkers,0,GAME_OVER,102,101,2,716,Random,1.0,-1.0,MCTS_v0
-720761396,Checkers,0,GAME_OVER,87,86,2,717,Random,1.0,-1.0,MCTS_v0
-2038267453,Checkers,0,GAME_OVER,94,93,2,718,Random,1.0,-1.0,MCTS_v0
938760057,Checkers,0,GAME_OVER,73,72,2,719,Random,1.0,-1.0,MCTS_v0
-1861596014,Checkers,0,GAME_OVER,92,91,2,720,Random,1.0,-1.0,MCTS_v0
1858745298,Checkers,0,GAME_OVER,115,114,2,721,Random,1.0,-1.0,MCTS_v0
-38120216,Checkers,0,GAME_OVER,82,81,2,722,Random,1.0,-1.0,MCTS_v0
1869762978,Checkers,0,GAME_OVER,98,97,2,723,Random,1.0,-1.0,MCTS_v0
138039162,Checkers,0,GAME_OVER,80,79,2,724,Random,1.0,-1.0,MCTS_v0
1296288057,Checkers,0,GAME_OVER,79,78,2,725,Random,1.0,-1.0,MCTS_v0
-1649206842,Checkers,0,GAME_OVER,81,80,2,726,Random,1.0,-1.0,MCTS_v0
107322290,Checkers,0,GAME_OVER,81,80,2,727,Random,1.0,-1.0,MCTS_v0
210152385,Checkers,0,GAME_OVER,90,89,2,728,Random,1.0,-1.0,MCTS_v0
1185857021,Checkers,0,GAME_OVER,85,84,2,729,Random,1.0,-1.0,MCTS_v0
-314642260,Checkers,0,GAME_OVER,97,96,2,730,Random,1.0,-1.0,MCTS_v0
-32178155,Checkers,0,GAME_OVER,73,72,2,731,Random,1.0,-1.0,MCTS_v0
-51825815,Checkers,0,GAME_OVER,77,76,2,732,Random,1.0,-1.0,MCTS_v0
-1263674626,Checkers,0,GAME_OVER,74,73,2,733,Random,1.0,-1.0,MCTS_v0
-895707202,Checkers,0,GAME_OVER,83,82,2,734,Random,1.0,-1.0,MCTS_v0
-722791291,Checkers,0,GAME_OVER,85,84,2,735,Random,1.0,-1.0,MCTS_v0
1930086764,Checkers,0,GAME_OVER,86,85,2,736,Random,1.0,-1.0,MCTS_v0
-2078587425,Checkers,0,GAME_OVER,75,74,2,737,Random,1.0,-1.0,MCTS_v0
842689288,Checkers,0,GAME_OVER,68,67,2,738,Random,1.0,-1.0,MCTS_v0
-1006683509,Checkers,0,GAME_OVER,88,87,2,739,Random,1.0,-1.0,MCTS_v0
2126459376,Checkers,0,GAME_OVER,101,100,2,740,Random,1.0,-1.0,MCTS_v0
-843129040,Checkers,0,GAME_OVER,78,77,2,741,Random,1.0,-1.0,MCTS_v0
505467350,Checkers,0,GAME_OVER,98,97,2,742,Random,1.0,-1.0,MCTS_v0
521118790,Checkers,0,GAME_OVER,84,83,2,743,Random,1.0,-1.0,MCTS_v0
-2140065352,Checkers,0,GAME_OVER,74,73,2,744,Random,1.0,-1.0,MCTS_v0
-1853235506,Checkers,0,GAME_OVER,83,82,2,745,Random,1.0,-1.0,MCTS_v0
-1325028030,Checkers,0,GAME_OVER,95,94,2,746,Random,1.0,-1.0,MCTS_v0
1771069802,Checkers,0,GAME_OVER,96,95,2,747,Random,1.0,-1.0,MCTS_v0
502051038,Checkers,0,GAME_OVER,79,78,2,748,Random,1.0,-1.0,MCTS_v0
-1580903799,Checkers,0,GAME_OVER,109,108,2,749,Random,1.0,-1.0,MCTS_v0
370121741,Checkers,0,GAME_OVER,76,75,2,750,Random,1.0,-1.0,MCTS_v0
1798289547,Checkers,0,GAME_OVER,89,88,2,751,Random,1.0,-1.0,MCTS_v0
698078399,Checkers,0,GAME_OVER,85,84,2,752,Random,1.0,-1.0,MCTS_v0
-2108202232,Checkers,0,GAME_OVER,87,86,2,753,Random,1.0,-1.0,MCTS_v0
124331954,Checkers,0,GAME_OVER,98,97,2,754,Random,1.0,-1.0,MCTS_v0
-1653583717,Checkers,0,GAME_OVER,93,92,2,755,Random,1.0,-1.0,MCTS_v0
-1943583435,Checkers,0,GAME_OVER,87,86,2,756,Random,1.0,-1.0,MCTS_v0
-1004698903,Checkers,0,GAME_OVER,83,82,2,757,Random,1.0,-1.0,MCTS_v0
1731276472,Checkers,0,GAME_OVER,101,100,2,758,Random,1.0,-1.0,MCTS_v0
654175921,Checkers,0,GAME_OVER,65,64,2,759,Random,1.0,-1.0,MCTS_v0
1387860235,Checkers,0,GAME_OVER,104,103,2,760,Random,1.0,-1.0,MCTS_v0
1670900780,Checkers,0,GAME_OVER,103,102,2,761,Random,1.0,-1.0,MCTS_v0
-245948345,Checkers,0,GAME_OVER,85,84,2,762,Random,1.0,-1.0,MCTS_v0
-1201026037,Checkers,0,GAME_OVER,77,76,2,763,Random,1.0,-1.0,MCTS_v0
-1541085779,Checkers,0,GAME_OVER,90,89,2,764,Random,1.0,-1.0,MCTS_v0
-1090187311,Checkers,0,GAME_OVER,83,82,2,765,Random,1.0,-1.0,MCTS_v0
-825828098,Checkers,0,GAME_OVER,84,83,2,766,Random,1.0,-1.0,MCTS_v0
-1119369130,Checkers,0,GAME_OVER,98,97,2,767,Random,1.0,-1.0,MCTS_v0
875531807,Checkers,0,GAME_OVER,88,87,2,768,Random,1.0,-1.0,MCTS_v0
-1999512642,Checkers,0,GAME_OVER,87,86,2,769,Random,1.0,-1.0,MCTS_v0
-734965501,Checkers,0,GAME_OVER,71,70,2,770,Random,1.0,-1.0,MCTS_v0
-1267336148,Checkers,0,GAME_OVER,120,119,2,771,Random,1.0,-1.0,MCTS_v0
-1319441104,Checkers,0,GAME_OVER,75,74,2,772,Random,1.0,-1.0,MCTS_v0
-1976698138,Checkers,0,GAME_OVER,82,81,2,773,Random,1.0,-1.0,MCTS_v0
-436462757,Checkers,0,GAME_OVER,90,89,2,774,Random,1.0,-1.0,MCTS_v0
653029341,Checkers,0,GAME_OVER,85,84,2,775,Random,1.0,-1.0,MCTS_v0
-298129682,Checkers,0,GAME_OVER,74,73,2,776,Random,1.0,-1.0,MCTS_v0
1424061352,Checkers,0,GAME_OVER,80,79,2,777,Random,1.0,-1.0,MCTS_v0
1488180858,Checkers,0,GAME_OVER,69,68,2,778,Random,1.0,-1.0,MCTS_v0
264104569,Checkers,0,GAME_OVER,73,72,2,779,Random,1.0,-1.0,OSLA
516312140,Checkers,0,GAME_OVER,87,86,2,780,Random,1.0,-1.0,OSLA
-539140723,Checkers,0,GAME_OVER,71,70,2,781,Random,1.0,-1.0,OSLA
-271513057,Checkers,0,GAME_OVER,83,82,2,782,Random,1.0,-1.0,OSLA
-2038676025,Checkers,0,GAME_OVER,81,80,2,783,Random,1.0,-1.0,OSLA
-1593724497,Checkers,0,GAME_OVER,73,72,2,784,Random,1.0,-1.0,OSLA
488996705,Checkers,0,GAME_OVER,79,78,2,785,Random,1.0,-1.0,OSLA
-1125614055,Checkers,0,GAME_OVER,68,67,2,786,Random,1.0,-1.0,OSLA
-1288124729,Checkers,0,GAME_OVER,55,54,2,787,Random,1.0,-1.0,OSLA
1294879389,Checkers,0,GAME_OVER,54,53,2,788,Random,1.0,-1.0,OSLA
1040404489,Checkers,0,GAME_OVER,63,62,2,789,Random,1.0,-1.0,OSLA
-984849494,Checkers,0,GAME_OVER,79,78,2,790,Random,1.0,-1.0,OSLA
-185845077,Checkers,0,GAME_OVER,79,78,2,791,Random,1.0,-1.0,OSLA
-1932006159,Checkers,0,GAME_OVER,89,88,2,792,Random,1.0,-1.0,OSLA
1916951788,Checkers,0,GAME_OVER,67,66,2,793,Random,1.0,-1.0,OSLA
1434939105,Checkers,0,GAME_OVER,75,74,2,794,Random,1.0,-1.0,OSLA
880880823,Checkers,0,GAME_OVER,81,80,2,795,Random,1.0,-1.0,OSLA
-511924171,Checkers,0,GAME_OVER,70,69,2,796,Random,1.0,-1.0,OSLA
-1082529320,Checkers,0,GAME_OVER,71,70,2,797,Random,1.0,-1.0,OSLA
-90770320,Checkers,0,GAME_OVER,151,150,2,798,Random,0.0,0.0,OSLA
-1752699852,Checkers,0,GAME_OVER,76,75,2,799,Random,1.0,-1.0,OSLA
-847477109,Checkers,0,GAME_OVER,91,90,2,800,Random,1.0,-1.0,OSLA
547285521,Checkers,0,GAME_OVER,61,60,2,801,Random,1.0,-1.0,OSLA
256503586,Checkers,0,GAME_OVER,72,71,2,802,Random,1.0,-1.0,OSLA
-1638892117,Checkers,0,GAME_OVER,75,74,2,803,Random,1.0,-1.0,OSLA
1741289425,Checkers,0,GAME_OVER,74,73,2,804,Random,1.0,-1.0,OSLA
-443287891,Checkers,0,GAME_OVER,78,77,2,805,Random,1.0,-1.0,OSLA
-1320396371,Checkers,0,GAME_OVER,71,70,2,806,Random,1.0,-1.0,OSLA
1695935311,Checkers,0,GAME_OVER,76,75,2,807,Random,1.0,-1.0,OSLA
-929871104,Checkers,0,GAME_OVER,73,72,2,808,Random,1.0,-1.0,OSLA
-627976674,Checkers,0,GAME_OVER,75,74,2,809,Random,1.0,-1.0,OSLA
-957882198,Checkers,0,GAME_OVER,80,79,2,810,Random,1.0,-1.0,OSLA
-894850886,Checkers,0,GAME_OVER,84,83,2,811,Random,1.0,-1.0,OSLA
2109725140,Checkers,0,GAME_OVER,90,89,2,812,Random,1.0,-1.0,OSLA
-908564208,Checkers,0,GAME_OVER,73,72,2,813,Random,1.0,-1.0,OSLA
1469001952,Checkers,0,GAME_OVER,77,76,2,814,Random,1.0,-1.0,OSLA
1791294940,Checkers,0,GAME_OVER,65,64,2,815,Random,1.0,-1.0,OSLA
1990314673,Checkers,0,GAME_OVER,74,73,2,816,Random,1.0,-1.0,OSLA
12652661,Checkers,0,GAME_OVER,72,71,2,817,Random,1.0,-1.0,OSLA
785999304,Checkers,0,GAME_OVER,79,78,2,818,Random,1.0,-1.0,OSLA
1108454703,Checkers,0,GAME_OVER,76,75,2,819,Random,1.0,-1.0,OSLA
-253260603,Checkers,0,GAME_OVER,85,84,2,820,Random,1.0,-1.0,OSLA
-783752995,Checkers,0,GAME_OVER,74,73,2,821,Random,1.0,-1.0,OSLA
1474780237,Checkers,0,GAME_OVER,62,61,2,822,Random,1.0,-1.0,OSLA
-2057680593,Checkers,0,GAME_OVER,67,66,2,823,Random,1.0,-1.0,OSLA
-471436695,Checkers,0,GAME_OVER,68,67,2,824,Random,1.0,-1.0,OSLA
1404712714,Checkers,0,GAME_OVER,64,63,2,825,Random,1.0,-1.0,OSLA
1048899026,Checkers,0,GAME_OVER,80,79,2,826,Random,1.0,-1.0,OSLA
2003168521,Checkers,0,GAME_OVER,75,74,2,827,Random,1.0,-1.0,OSLA
-720761396,Checkers,0,GAME_OVER,86,85,2,828,Random,1.0,-1.0,OSLA
-2038267453,Checkers,0,GAME_OVER,65,64,2,829,Random,1.0,-1.0,OSLA
938760057,Checkers,0,GAME_OVER,72,71,2,830,Random,1.0,-1.0,OSLA
-1861596014,Checkers,0,GAME_OVER,66,65,2,831,Random,1.0,-1.0,OSLA
1858745298,Checkers,0,GAME_OVER,59,58,2,832,Random,1.0,-1.0,OSLA
-38120216,Checkers,0,GAME_OVER,73,72,2,833,Random,1.0,-1.0,OSLA
1869762978,Checkers,0,GAME_OVER,83,82,2,834,Random,1.0,-1.0,OSLA
138039162,Checkers,0,GAME_OVER,56,55,2,835,Random,1.0,-1.0,OSLA
1296288057,Checkers,0,GAME_OVER,67,66,2,836,Random,1.0,-1.0,OSLA
-1649206842,Checkers,0,GAME_OVER,74,73,2,837,Random,1.0,-1.0,OSLA
107322290,Checkers,0,GAME_OVER,61,60,2,838,Random,1.0,-1.0,OSLA
210152385,Checkers,0,GAME_OVER,74,73,2,839,Random,1.0,-1.0,OSLA
1185857021,Checkers,0,GAME_OVER,79,78,2,840,Random,1.0,-1.0,OSLA
-314642260,Checkers,0,GAME_OVER,77,76,2,841,Random,1.0,-1.0,OSLA
-32178155,Checkers,0,GAME_OVER,60,59,2,842,Random,1.0,-1.0,OSLA
-51825815,Checkers,0,GAME_OVER,70,69,2,843,Random,1.0,-1.0,OSLA
-1263674626,Checkers,0,GAME_OVER,69,68,2,844,Random,1.0,-1.0,OSLA
-895707202,Checkers,0,GAME_OVER,81,80,2,845,Random,1.0,-1.0,OSLA
-722791291,Checkers,0,GAME_OVER,79,78,2,846,Random,1.0,-1.0,OSLA
1930086764,Checkers,0,GAME_OVER,66,65,2,847,Random,1.0,-1.0,OSLA
-2078587425,Checkers,0,GAME_OVER,67,66,2,848,Random,1.0,-1.0,OSLA
842689288,Checkers,0,GAME_OVER,68,67,2,849,Random,1.0,-1.0,OSLA
-1006683509,Checkers,0,GAME_OVER,91,90,2,850,Random,1.0,-1.0,OSLA
2126459376,Checkers,0,GAME_OVER,71,70,2,851,Random,1.0,-1.0,OSLA
-843129040,Checkers,0,GAME_OVER,70,69,2,852,Random,1.0,-1.0,OSLA
505467350,Checkers,0,GAME_OVER,68,67,2,853,Random,1.0,-1.0,OSLA
521118790,Checkers,0,GAME_OVER,65,64,2,854,Random,1.0,-1.0,OSLA
-2140065352,Checkers,0,GAME_OVER,77,76,2,855,Random,1.0,-1.0,OSLA
-1853235506,Checkers,0,GAME_OVER,79,78,2,856,Random,1.0,-1.0,OSLA
-1325028030,Checkers,0,GAME_OVER,82,81,2,857,Random,1.0,-1.0,OSLA
1771069802,Checkers,0,GAME_OVER,71,70,2,858,Random,1.0,-1.0,OSLA
502051038,Checkers,0,GAME_OVER,80,79,2,859,Random,1.0,-1.0,OSLA
-1580903799,Checkers,0,GAME_OVER,75,74,2,860,Random,1.0,-1.0,OSLA
370121741,Checkers,0,GAME_OVER,91,90,2,861,Random,1.0,-1.0,OSLA
1798289547,Checkers,0,GAME_OVER,57,56,2,862,Random,1.0,-1.0,OSLA
698078399,Checkers,0,GAME_OVER,77,76,2,863,Random,1.0,-1.0,OSLA
-2108202232,Checkers,0,GAME_OVER,72,71,2,864,Random,1.0,-1.0,OSLA
124331954,Checkers,0,GAME_OVER,72,71,2,865,Random,1.0,-1.0,OSLA
-1653583717,Checkers,0,GAME_OVER,84,83,2,866,Random,1.0,-1.0,OSLA
-1943583435,Checkers,0,GAME_OVER,70,69,2,867,Random,1.0,-1.0,OSLA
-1004698903,Checkers,0,GAME_OVER,75,74,2,868,Random,1.0,-1.0,OSLA
1731276472,Checkers,0,GAME_OVER,74,73,2,869,Random,1.0,-1.0,OSLA
654175921,Checkers,0,GAME_OVER,80,79,2,870,Random,1.0,-1.0,OSLA
1387860235,Checkers,0,GAME_OVER,74,73,2,871,Random,1.0,-1.0,OSLA
1670900780,Checkers,0,GAME_OVER,70,69,2,872,Random,1.0,-1.0,OSLA
-245948345,Checkers,0,GAME_OVER,82,81,2,873,Random,1.0,-1.0,OSLA
-1201026037,Checkers,0,GAME_OVER,69,68,2,874,Random,1.0,-1.0,OSLA
-1541085779,Checkers,0,GAME_OVER,87,86,2,875,Random,1.0,-1.0,OSLA
-1090187311,Checkers,0,GAME_OVER,71,70,2,876,Random,1.0,-1.0,OSLA
-825828098,Checkers,0,GAME_OVER,74,73,2,877,Random,1.0,-1.0,OSLA
-1119369130,Checkers,0,GAME_OVER,59,58,2,878,Random,1.0,-1.0,OSLA
875531807,Checkers,0,GAME_OVER,95,94,2,879,Random,1.0,-1.0,OSLA
-1999512642,Checkers,0,GAME_OVER,74,73,2,880,Random,1.0,-1.0,OSLA
-734965501,Checkers,0,GAME_OVER,70,69,2,881,Random,1.0,-1.0,OSLA
-1267336148,Checkers,0,GAME_OVER,59,58,2,882,Random,1.0,-1.0,OSLA
-1319441104,Checkers,0,GAME_OVER,71,70,2,883,Random,1.0,-1.0,OSLA
-1976698138,Checkers,0,GAME_OVER,88,87,2,884,Random,1.0,-1.0,OSLA
-436462757,Checkers,0,GAME_OVER,78,77,2,885,Random,1.0,-1.0,OSLA
653029341,Checkers,0,GAME_OVER,92,91,2,886,Random,1.0,-1.0,OSLA
-298129682,Checkers,0,GAME_OVER,72,71,2,887,Random,1.0,-1.0,OSLA
1424061352,Checkers,0,GAME_OVER,68,67,2,888,Random,1.0,-1.0,OSLA
1488180858,Checkers,0,GAME_OVER,67,66,2,889,Random,1.0,-1.0,OSLA
264104569,Checkers,0,GAME_OVER,129,128,2,890,Random,1.0,-1.0,Random
516312140,Checkers,0,GAME_OVER,89,88,2,891,Random,-1.0,1.0,Random
-539140723,Checkers,0,GAME_OVER,103,102,2,892,Random,1.0,-1.0,Random
-271513057,Checkers,0,GAME_OVER,94,93,2,893,Random,-1.0,1.0,Random
-2038676025,Checkers,0,GAME_OVER,101,100,2,894,Random,1.0,-1.0,Random
-1593724497,Checkers,0,GAME_OVER,108,107,2,895,Random,-1.0,1.0,Random
488996705,Checkers,0,GAME_OVER,84,83,2,896,Random,1.0,-1.0,Random
-1125614055,Checkers,0,GAME_OVER,86,85,2,897,Random,-1.0,1.0,Random
-1288124729,Checkers,0,GAME_OVER,111,110,2,898,Random,-1.0,1.0,Random
1294879389,Checkers,0,GAME_OVER,115,114,2,899,Random,1.0,-1.0,Random
1040404489,Checkers,0,GAME_OVER,78,77,2,900,Random,-1.0,1.0,Random
-984849494,Checkers,0,GAME_OVER,89,88,2,901,Random,1.0,-1.0,Random
-185845077,Checkers,0,GAME_OVER,85,84,2,902,Random,-1.0,1.0,Random
-1932006159,Checkers,0,GAME_OVER,98,97,2,903,Random,-1.0,1.0,Random
1916951788,Checkers,0,GAME_OVER,121,120,2,904,Random,-1.0,1.0,Random
1434939105,Checkers,0,GAME_OVER,101,100,2,905,Random,-1.0,1.0,Random
880880823,Checkers,0,GAME_OVER,98,97,2,906,Random,-1.0,1.0,Random
-511924171,Checkers,0,GAME_OVER,77,76,2,907,Random,1.0,-1.0,Random
-1082529320,Checkers,0,GAME_OVER,106,105,2,908,Random,1.0,-1.0,Random
-90770320,Checkers,0,GAME_OVER,108,107,2,909,Random,1.0,-1.0,Random
-1752699852,Checkers,0,GAME_OVER,118,117,2,910,Random,1.0,-1.0,Random
-847477109,Checkers,0,GAME_OVER,160,159,2,911,Random,1.0,-1.0,Random
547285521,Checkers,0,GAME_OVER,90,89,2,912,Random,1.0,-1.0,Random
256503586,Checkers,0,GAME_OVER,110,109,2,913,Random,-1.0,1.0,Random
-1638892117,Checkers,0,GAME_OVER,79,78,2,914,Random,1.0,-1.0,Random
1741289425,Checkers,0,GAME_OVER,102,101,2,915,Random,1.0,-1.0,Random
-443287891,Checkers,0,GAME_OVER,102,101,2,916,Random,1.0,-1.0,Random
-1320396371,Checkers,0,GAME_OVER,122,121,2,917,Random,-1.0,1.0,Random
1695935311,Checkers,0,GAME_OVER,125,124,2,918,Random,1.0,-1.0,Random
-929871104,Checkers,0,GAME_OVER,80,79,2,919,Random,1.0,-1.0,Random
-627976674,Checkers,0,GAME_OVER,88,87,2,920,Random,1.0,-1.0,Random
-957882198,Checkers,0,GAME_OVER,127,126,2,921,Random,1.0,-1.0,Random
-894850886,Checkers,0,GAME_OVER,96,95,2,922,Random,1.0,-1.0,Random
2109725140,Checkers,0,GAME_OVER,93,92,2,923,Random,1.0,-1.0,Random
-908564208,Checkers,0,GAME_OVER,86,85,2,924,Random,-1.0,1.0,Random
1469001952,Checkers,0,GAME_OVER,101,100,2,925,Random,1.0,-1.0,Random
1791294940,Checkers,0,GAME_OVER,118,117,2,926,Random,1.0,-1.0,Random
1990314673,Checkers,0,GAME_OVER,97,96,2,927,Random,-1.0,1.0,Random
12652661,Checkers,0,GAME_OVER,102,101,2,928,Random,1.0,-1.0,Random
785999304,Checkers,0,GAME_OVER,95,94,2,929,Random,-1.0,1.0,Random
1108454703,Checkers,0,GAME_OVER,94,93,2,930,Random,-1.0,1.0,Random
-253260603,Checkers,0,GAME_OVER,92,91,2,931,Random,-1.0,1.0,Random
-783752995,Checkers,0,GAME_OVER,97,96,2,932,Random,-1.0,1.0,Random
1474780237,Checkers,0,GAME_OVER,110,109,2,933,Random,-1.0,1.0,Random
-2057680593,Checkers,0,GAME_OVER,83,82,2,934,Random,-1.0,1.0,Random
-471436695,Checkers,0,GAME_OVER,91,90,2,935,Random,1.0,-1.0,Random
1404712714,Checkers,0,GAME_OVER,136,135,2,936,Random,-1.0,1.0,Random
1048899026,Checkers,0,GAME_OVER,89,88,2,937,Random,-1.0,1.0,Random
2003168521,Checkers,0,GAME_OVER,101,100,2,938,Random,-1.0,1.0,Random
-720761396,Checkers,0,GAME_OVER,91,90,2,939,Random,1.0,-1.0,Random
-2038267453,Checkers,0,GAME_OVER,85,84,2,940,Random,-1.0,1.0,Random
938760057,Checkers,0,GAME_OVER,78,77,2,941,Random,-1.0,1.0,Random
-1861596014,Checkers,0,GAME_OVER,69,68,2,942,Random,-1.0,1.0,Random
1858745298,Checkers,0,GAME_OVER,95,94,2,943,Random,-1.0,1.0,Random
-38120216,Checkers,0,GAME_OVER,90,89,2,944,Random,-1.0,1.0,Random
1869762978,Checkers,0,GAME_OVER,96,95,2,945,Random,-1.0,1.0,Random
138039162,Checkers,0,GAME_OVER,94,93,2,946,Random,1.0,-1.0,Random
1296288057,Checkers,0,GAME_OVER,110,109,2,947,Random,-1.0,1.0,Random
-1649206842,Checkers,0,GAME_OVER,96,95,2,948,Random,-1.0,1.0,Random
107322290,Checkers,0,GAME_OVER,129,128,2,949,Random,1.0,-1.0,Random
210152385,Checkers,0,GAME_OVER,152,151,2,950,Random,-1.0,1.0,Random
1185857021,Checkers,0,GAME_OVER,103,102,2,951,Random,-1.0,1.0,Random
-314642260,Checkers,0,GAME_OVER,78,77,2,952,Random,-1.0,1.0,Random
-32178155,Checkers,0,GAME_OVER,84,83,2,953,Random,-1.0,1.0,Random
-51825815,Checkers,0,GAME_OVER,80,79,2,954,Random,-1.0,1.0,Random
-1263674626,Checkers,0,GAME_OVER,84,83,2,955,Random,1.0,-1.0,Random
-895707202,Checkers,0,GAME_OVER,135,134,2,956,Random,-1.0,1.0,Random
-722791291,Checkers,0,GAME_OVER,87,86,2,957,Random,-1.0,1.0,Random
1930086764,Checkers,0,GAME_OVER,80,79,2,958,Random,-1.0,1.0,Random
-2078587425,Checkers,0,GAME_OVER,150,149,2,959,Random,1.0,-1.0,Random
842689288,Checkers,0,GAME_OVER,109,108,2,960,Random,1.0,-1.0,Random
-1006683509,Checkers,0,GAME_OVER,153,152,2,961,Random,-1.0,1.0,Random
2126459376,Checkers,0,GAME_OVER,122,121,2,962,Random,-1.0,1.0,Random
-843129040,Checkers,0,GAME_OVER,85,84,2,963,Random,-1.0,1.0,Random
505467350,Checkers,0,GAME_OVER,135,134,2,964,Random,-1.0,1.0,Random
521118790,Checkers,0,GAME_OVER,93,92,2,965,Random,-1.0,1.0,Random
-2140065352,Checkers,0,GAME_OVER,144,143,2,966,Random,1.0,-1.0,Random
-1853235506,Checkers,0,GAME_OVER,74,73,2,967,Random,-1.0,1.0,Random
-1325028030,Checkers,0,GAME_OVER,123,122,2,968,Random,1.0,-1.0,Random
1771069802,Checkers,0,GAME_OVER,124,123,2,969,Random,1.0,-1.0,Random
502051038,Checkers,0,GAME_OVER,70,69,2,970,Random,1.0,-1.0,Random
-1580903799,Checkers,0,GAME_OVER,72,71,2,971,Random,1.0,-1.0,Random
370121741,Checkers,0,GAME_OVER,90,89,2,972,Random,-1.0,1.0,Random
1798289547,Checkers,0,GAME_OVER,101,100,2,973,Random,-1.0,1.0,Random
698078399,Checkers,0,GAME_OVER,74,73,2,974,Random,-1.0,1.0,Random
-2108202232,Checkers,0,GAME_OVER,100,99,2,975,Random,1.0,-1.0,Random
124331954,Checkers,0,GAME_OVER,90,89,2,976,Random,-1.0,1.0,Random
-1653583717,Checkers,0,GAME_OVER,95,94,2,977,Random,-1.0,1.0,Random
-1943583435,Checkers,0,GAME_OVER,86,85,2,978,Random,-1.0,1.0,Random
-1004698903,Checkers,0,GAME_OVER,99,98,2,979,Random,-1.0,1.0,Random
1731276472,Checkers,0,GAME_OVER,114,113,2,980,Random,-1.0,1.0,Random
654175921,Checkers,0,GAME_OVER,96,95,2,981,Random,-1.0,1.0,Random
1387860235,Checkers,0,GAME_OVER,100,99,2,982,Random,1.0,-1.0,Random
1670900780,Checkers,0,GAME_OVER,83,82,2,983,Random,1.0,-1.0,Random
-245948345,Checkers,0,GAME_OVER,137,136,2,984,Random,1.0,-1.0,Random
-1201026037,Checkers,0,GAME_OVER,99,98,2,985,Random,1.0,-1.0,Random
-1541085779,Checkers,0,GAME_OVER,86,85,2,986,Random,-1.0,1.0,Random
-1090187311,Checkers,0,GAME_OVER,81,80,2,987,Random,-1.0,1.0,Random
-825828098,Checkers,0,GAME_OVER,92,91,2,988,Random,1.0,-1.0,Random
-1119369130,Checkers,0,GAME_OVER,96,95,2,989,Random,-1.0,1.0,Random
875531807,Checkers,0,GAME_OVER,61,60,2,990,Random,-1.0,1.0,Random
-1999512642,Checkers,0,GAME_OVER,83,82,2,991,Random,-1.0,1.0,Random
-734965501,Checkers,0,GAME_OVER,109,108,2,992,Random,-1.0,1.0,Random
-1267336148,Checkers,0,GAME_OVER,135,134,2,993,Random,1.0,-1.0,Random
-1319441104,Checkers,0,GAME_OVER,111,110,2,994,Random,-1.0,1.0,Random
-1976698138,Checkers,0,GAME_OVER,125,124,2,995,Random,1.0,-1.0,Random
-436462757,Checkers,0,GAME_OVER,81,80,2,996,Random,1.0,-1.0,Random
653029341,Checkers,0,GAME_OVER,106,105,2,997,Random,-1.0,1.0,Random
-298129682,Checkers,0,GAME_OVER,139,138,2,998,Random,1.0,-1.0,Random
1424061352,Checkers,0,GAME_OVER,86,85,2,999,Random,-1.0,1.0,Random
1488180858,Checkers,0,GAME_OVER,125,124,2,1000,Random,-1.0,1.0,Random
