GameSeed,GameName,Round,Event,Tick,Turn,PlayerCount,GameID,PlayerType-1,PlayerType-0
-760013051,Checkers,0,GAME_OVER,106,105,2,2,MCTS_v0,MCTS_v0
165728500,Checkers,0,GAME_OVER,46,45,2,3,MCTS_v0,MCTS_v0
1388765151,Checkers,0,GAME_OVER,62,61,2,4,MCTS_v0,MCTS_v0
1718951435,Checkers,0,GAME_OVER,162,161,2,5,MCTS_v0,MCTS_v0
-1064791289,Checkers,0,GAME_OVER,48,47,2,6,MCTS_v0,MCTS_v0
-1636257134,Checkers,0,GAME_OVER,56,55,2,7,MCTS_v0,MCTS_v0
1634360935,Checkers,0,GAME_OVER,146,145,2,8,MCTS_v0,MCTS_v0
-1395887239,Checkers,0,GAME_OVER,106,105,2,9,MCTS_v0,MCTS_v0
647952441,Checkers,0,GAME_OVER,49,48,2,10,MCTS_v0,MCTS_v0
187093421,Checkers,0,GAME_OVER,108,107,2,11,MCTS_v0,MCTS_v0
-373241072,Checkers,0,GAME_OVER,147,146,2,12,MCTS_v0,MCTS_v0
521671885,Checkers,0,GAME_OVER,57,56,2,13,MCTS_v0,MCTS_v0
-2052836645,Checkers,0,GAME_OVER,80,79,2,14,MCTS_v0,MCTS_v0
291765727,Checkers,0,GAME_OVER,100,99,2,15,MCTS_v0,MCTS_v0
1563472397,Checkers,0,GAME_OVER,63,62,2,16,MCTS_v0,MCTS_v0
497858075,Checkers,0,GAME_OVER,83,82,2,17,MCTS_v0,MCTS_v0
-1993918902,Checkers,0,GAME_OVER,136,135,2,18,MCTS_v0,MCTS_v0
290353407,Checkers,0,GAME_OVER,53,52,2,19,MCTS_v0,MCTS_v0
-417393078,Checkers,0,GAME_OVER,48,47,2,20,MCTS_v0,MCTS_v0
269872713,Checkers,0,GAME_OVER,65,64,2,21,MCTS_v0,MCTS_v0
-1852772662,Checkers,0,GAME_OVER,53,52,2,22,MCTS_v0,MCTS_v0
-480546926,Checkers,0,GAME_OVER,47,46,2,23,MCTS_v0,MCTS_v0
917043920,Checkers,0,GAME_OVER,76,75,2,24,MCTS_v0,MCTS_v0
1521847961,Checkers,0,GAME_OVER,85,84,2,25,MCTS_v0,MCTS_v0
-2045017210,Checkers,0,GAME_OVER,160,159,2,26,MCTS_v0,MCTS_v0
-1214382976,Checkers,0,GAME_OVER,51,50,2,27,MCTS_v0,MCTS_v0
-685662610,Checkers,0,GAME_OVER,122,121,2,28,MCTS_v0,MCTS_v0
-1454874746,Checkers,0,GAME_OVER,69,68,2,29,MCTS_v0,MCTS_v0
-1133693740,Checkers,0,GAME_OVER,60,59,2,30,MCTS_v0,MCTS_v0
-1256680438,Checkers,0,GAME_OVER,117,116,2,31,MCTS_v0,MCTS_v0
1690717589,Checkers,0,GAME_OVER,130,129,2,32,MCTS_v0,MCTS_v0
607737556,Checkers,0,GAME_OVER,88,87,2,33,MCTS_v0,MCTS_v0
-1576248644,Checkers,0,GAME_OVER,63,62,2,34,MCTS_v0,MCTS_v0
1887117819,Checkers,0,GAME_OVER,111,110,2,35,MCTS_v0,MCTS_v0
-691868029,Checkers,0,GAME_OVER,103,102,2,36,MCTS_v0,MCTS_v0
1940495074,Checkers,0,GAME_OVER,38,37,2,37,MCTS_v0,MCTS_v0
590759866,Checkers,0,GAME_OVER,126,125,2,38,MCTS_v0,MCTS_v0
-905074915,Checkers,0,GAME_OVER,50,49,2,39,MCTS_v0,MCTS_v0
-340743260,Checkers,0,GAME_OVER,105,104,2,40,MCTS_v0,MCTS_v0
-1968904382,Checkers,0,GAME_OVER,52,51,2,41,MCTS_v0,MCTS_v0
1392186307,Checkers,0,GAME_OVER,102,101,2,42,MCTS_v0,MCTS_v0
429605358,Checkers,0,GAME_OVER,65,64,2,43,MCTS_v0,MCTS_v0
610951220,Checkers,0,GAME_OVER,50,49,2,44,MCTS_v0,MCTS_v0
-1403050357,Checkers,0,GAME_OVER,105,104,2,45,MCTS_v0,MCTS_v0
-1508076667,Checkers,0,GAME_OVER,134,133,2,46,MCTS_v0,MCTS_v0
2084081299,Checkers,0,GAME_OVER,46,45,2,47,MCTS_v0,MCTS_v0
682142504,Checkers,0,GAME_OVER,105,104,2,48,MCTS_v0,MCTS_v0
-1647225491,Checkers,0,GAME_OVER,90,89,2,49,MCTS_v0,MCTS_v0
-1253113869,Checkers,0,GAME_OVER,81,80,2,50,MCTS_v0,MCTS_v0
-2047110643,Checkers,0,GAME_OVER,42,41,2,51,MCTS_v0,MCTS_v0
-1684943794,Checkers,0,GAME_OVER,59,58,2,52,MCTS_v0,MCTS_v0
2094596869,Checkers,0,GAME_OVER,58,57,2,53,MCTS_v0,MCTS_v0
1214124544,Checkers,0,GAME_OVER,73,72,2,54,MCTS_v0,MCTS_v0
-395664214,Checkers,0,GAME_OVER,59,58,2,55,MCTS_v0,MCTS_v0
1518841779,Checkers,0,GAME_OVER,141,140,2,56,MCTS_v0,MCTS_v0
-731970959,Checkers,0,GAME_OVER,108,107,2,57,MCTS_v0,MCTS_v0
-1163815255,Checkers,0,GAME_OVER,128,127,2,58,MCTS_v0,MCTS_v0
-523563075,Checkers,0,GAME_OVER,118,117,2,59,MCTS_v0,MCTS_v0
-1874801852,Checkers,0,GAME_OVER,55,54,2,60,MCTS_v0,MCTS_v0
-1606475353,Checkers,0,GAME_OVER,109,108,2,61,MCTS_v0,MCTS_v0
911785785,Checkers,0,GAME_OVER,77,76,2,62,MCTS_v0,MCTS_v0
2127516305,Checkers,0,GAME_OVER,59,58,2,63,MCTS_v0,MCTS_v0
-2015448393,Checkers,0,GAME_OVER,126,125,2,64,MCTS_v0,MCTS_v0
-2064385662,Checkers,0,GAME_OVER,106,105,2,65,MCTS_v0,MCTS_v0
-265047608,Checkers,0,GAME_OVER,123,122,2,66,MCTS_v0,MCTS_v0
1202733722,Checkers,0,GAME_OVER,70,69,2,67,MCTS_v0,MCTS_v0
2038400427,Checkers,0,GAME_OVER,46,45,2,68,MCTS_v0,MCTS_v0
1403464477,Checkers,0,GAME_OVER,137,136,2,69,MCTS_v0,MCTS_v0
1522998788,Checkers,0,GAME_OVER,43,42,2,70,MCTS_v0,MCTS_v0
314276589,Checkers,0,GAME_OVER,100,99,2,71,MCTS_v0,MCTS_v0
-1040868339,Checkers,0,GAME_OVER,50,49,2,72,MCTS_v0,MCTS_v0
1819778660,Checkers,0,GAME_OVER,57,56,2,73,MCTS_v0,MCTS_v0
589158963,Checkers,0,GAME_OVER,70,69,2,74,MCTS_v0,MCTS_v0
-1642803471,Checkers,0,GAME_OVER,121,120,2,75,MCTS_v0,MCTS_v0
-601680706,Checkers,0,GAME_OVER,104,103,2,76,MCTS_v0,MCTS_v0
-473131545,Checkers,0,GAME_OVER,43,42,2,77,MCTS_v0,MCTS_v0
-665269128,Checkers,0,GAME_OVER,51,50,2,78,MCTS_v0,MCTS_v0
-1676692394,Checkers,0,GAME_OVER,55,54,2,79,MCTS_v0,MCTS_v0
-1439880590,Checkers,0,GAME_OVER,107,106,2,80,MCTS_v0,MCTS_v0
-978998287,Checkers,0,GAME_OVER,107,106,2,81,MCTS_v0,MCTS_v0
411935828,Checkers,0,GAME_OVER,88,87,2,82,MCTS_v0,MCTS_v0
1717622854,Checkers,0,GAME_OVER,65,64,2,83,MCTS_v0,MCTS_v0
-241863973,Checkers,0,GAME_OVER,58,57,2,84,MCTS_v0,MCTS_v0
138743001,Checkers,0,GAME_OVER,126,125,2,85,MCTS_v0,MCTS_v0
1897474159,Checkers,0,GAME_OVER,106,105,2,86,MCTS_v0,MCTS_v0
464999387,Checkers,0,GAME_OVER,49,48,2,87,MCTS_v0,MCTS_v0
-1920635899,Checkers,0,GAME_OVER,61,60,2,88,MCTS_v0,MCTS_v0
-409828713,Checkers,0,GAME_OVER,70,69,2,89,MCTS_v0,MCTS_v0
1218583704,Checkers,0,GAME_OVER,125,124,2,90,MCTS_v0,MCTS_v0
1632646096,Checkers,0,GAME_OVER,48,47,2,91,MCTS_v0,MCTS_v0
-1736770557,Checkers,0,GAME_OVER,133,132,2,92,MCTS_v0,MCTS_v0
-2123684455,Checkers,0,GAME_OVER,49,48,2,93,MCTS_v0,MCTS_v0
-514456566,Checkers,0,GAME_OVER,100,99,2,94,MCTS_v0,MCTS_v0
-66173062,Checkers,0,GAME_OVER,52,51,2,95,MCTS_v0,MCTS_v0
1615513291,Checkers,0,GAME_OVER,73,72,2,96,MCTS_v0,MCTS_v0
-1174747433,Checkers,0,GAME_OVER,65,64,2,97,MCTS_v0,MCTS_v0
179913713,Checkers,0,GAME_OVER,102,101,2,98,MCTS_v0,MCTS_v0
-825529608,Checkers,0,GAME_OVER,56,55,2,99,MCTS_v0,MCTS_v0
928480862,Checkers,0,GAME_OVER,139,138,2,100,MCTS_v0,MCTS_v0
460941093,Checkers,0,GAME_OVER,55,54,2,101,MCTS_v0,MCTS_v0
2012768812,Checkers,0,GAME_OVER,175,174,2,102,MCTS_v0,MCTS_v0
-717766487,Checkers,0,GAME_OVER,51,50,2,103,MCTS_v0,MCTS_v0
1647022379,Checkers,0,GAME_OVER,89,88,2,104,MCTS_v0,MCTS_v0
-1887940665,Checkers,0,GAME_OVER,53,52,2,105,MCTS_v0,MCTS_v0
-364864429,Checkers,0,GAME_OVER,53,52,2,106,MCTS_v0,MCTS_v0
1861127646,Checkers,0,GAME_OVER,47,46,2,107,MCTS_v0,MCTS_v0
1536481973,Checkers,0,GAME_OVER,89,88,2,108,MCTS_v0,MCTS_v0
1318035530,Checkers,0,GAME_OVER,65,64,2,109,MCTS_v0,MCTS_v0
-1031703814,Checkers,0,GAME_OVER,65,64,2,110,MCTS_v0,MCTS_v0
-1263554864,Checkers,0,GAME_OVER,117,116,2,111,MCTS_v0,MCTS_v0
959986291,Checkers,0,GAME_OVER,117,116,2,112,MCTS_v0,MCTS_v0
-760013051,Checkers,0,GAME_OVER,103,102,2,113,OSLA,MCTS_v0
165728500,Checkers,0,GAME_OVER,84,83,2,114,OSLA,MCTS_v0
1388765151,Checkers,0,GAME_OVER,85,84,2,115,OSLA,MCTS_v0
1718951435,Checkers,0,GAME_OVER,48,47,2,116,OSLA,MCTS_v0
-1064791289,Checkers,0,GAME_OVER,60,59,2,117,OSLA,MCTS_v0
-1636257134,Checkers,0,GAME_OVER,56,55,2,118,OSLA,MCTS_v0
1634360935,Checkers,0,GAME_OVER,48,47,2,119,OSLA,MCTS_v0
-1395887239,Checkers,0,GAME_OVER,52,51,2,120,OSLA,MCTS_v0
647952441,Checkers,0,GAME_OVER,56,55,2,121,OSLA,MCTS_v0
187093421,Checkers,0,GAME_OVER,67,66,2,122,OSLA,MCTS_v0
-373241072,Checkers,0,GAME_OVER,59,58,2,123,OSLA,MCTS_v0
521671885,Checkers,0,GAME_OVER,67,66,2,124,OSLA,MCTS_v0
-2052836645,Checkers,0,GAME_OVER,54,53,2,125,OSLA,MCTS_v0
291765727,Checkers,0,GAME_OVER,70,69,2,126,OSLA,MCTS_v0
1563472397,Checkers,0,GAME_OVER,53,52,2,127,OSLA,MCTS_v0
497858075,Checkers,0,GAME_OVER,56,55,2,128,OSLA,MCTS_v0
-1993918902,Checkers,0,GAME_OVER,62,61,2,129,OSLA,MCTS_v0
290353407,Checkers,0,GAME_OVER,79,78,2,130,OSLA,MCTS_v0
-417393078,Checkers,0,GAME_OVER,124,123,2,131,OSLA,MCTS_v0
269872713,Checkers,0,GAME_OVER,69,68,2,132,OSLA,MCTS_v0
-1852772662,Checkers,0,GAME_OVER,65,64,2,133,OSLA,MCTS_v0
-480546926,Checkers,0,GAME_OVER,59,58,2,134,OSLA,MCTS_v0
917043920,Checkers,0,GAME_OVER,68,67,2,135,OSLA,MCTS_v0
1521847961,Checkers,0,GAME_OVER,72,71,2,136,OSLA,MCTS_v0
-2045017210,Checkers,0,GAME_OVER,53,52,2,137,OSLA,MCTS_v0
-1214382976,Checkers,0,GAME_OVER,96,95,2,138,OSLA,MCTS_v0
-685662610,Checkers,0,GAME_OVER,85,84,2,139,OSLA,MCTS_v0
-1454874746,Checkers,0,GAME_OVER,57,56,2,140,OSLA,MCTS_v0
-1133693740,Checkers,0,GAME_OVER,65,64,2,141,OSLA,MCTS_v0
-1256680438,Checkers,0,GAME_OVER,95,94,2,142,OSLA,MCTS_v0
1690717589,Checkers,0,GAME_OVER,49,48,2,143,OSLA,MCTS_v0
607737556,Checkers,0,GAME_OVER,50,49,2,144,OSLA,MCTS_v0
-1576248644,Checkers,0,GAME_OVER,80,79,2,145,OSLA,MCTS_v0
1887117819,Checkers,0,GAME_OVER,75,74,2,146,OSLA,MCTS_v0
-691868029,Checkers,0,GAME_OVER,141,140,2,147,OSLA,MCTS_v0
1940495074,Checkers,0,GAME_OVER,57,56,2,148,OSLA,MCTS_v0
590759866,Checkers,0,GAME_OVER,81,80,2,149,OSLA,MCTS_v0
-905074915,Checkers,0,GAME_OVER,65,64,2,150,OSLA,MCTS_v0
-340743260,Checkers,0,GAME_OVER,52,51,2,151,OSLA,MCTS_v0
-1968904382,Checkers,0,GAME_OVER,53,52,2,152,OSLA,MCTS_v0
1392186307,Checkers,0,GAME_OVER,57,56,2,153,OSLA,MCTS_v0
429605358,Checkers,0,GAME_OVER,43,42,2,154,OSLA,MCTS_v0
610951220,Checkers,0,GAME_OVER,61,60,2,155,OSLA,MCTS_v0
-1403050357,Checkers,0,GAME_OVER,75,74,2,156,OSLA,MCTS_v0
-1508076667,Checkers,0,GAME_OVER,75,74,2,157,OSLA,MCTS_v0
2084081299,Checkers,0,GAME_OVER,57,56,2,158,OSLA,MCTS_v0
682142504,Checkers,0,GAME_OVER,49,48,2,159,OSLA,MCTS_v0
-1647225491,Checkers,0,GAME_OVER,164,163,2,160,OSLA,MCTS_v0
-1253113869,Checkers,0,GAME_OVER,75,74,2,161,OSLA,MCTS_v0
-2047110643,Checkers,0,GAME_OVER,57,56,2,162,OSLA,MCTS_v0
-1684943794,Checkers,0,GAME_OVER,94,93,2,163,OSLA,MCTS_v0
2094596869,Checkers,0,GAME_OVER,44,43,2,164,OSLA,MCTS_v0
1214124544,Checkers,0,GAME_OVER,52,51,2,165,OSLA,MCTS_v0
-395664214,Checkers,0,GAME_OVER,161,160,2,166,OSLA,MCTS_v0
1518841779,Checkers,0,GAME_OVER,105,104,2,167,OSLA,MCTS_v0
-731970959,Checkers,0,GAME_OVER,81,80,2,168,OSLA,MCTS_v0
-1163815255,Checkers,0,GAME_OVER,57,56,2,169,OSLA,MCTS_v0
-523563075,Checkers,0,GAME_OVER,49,48,2,170,OSLA,MCTS_v0
-1874801852,Checkers,0,GAME_OVER,41,40,2,171,OSLA,MCTS_v0
-1606475353,Checkers,0,GAME_OVER,127,126,2,172,OSLA,MCTS_v0
911785785,Checkers,0,GAME_OVER,61,60,2,173,OSLA,MCTS_v0
2127516305,Checkers,0,GAME_OVER,76,75,2,174,OSLA,MCTS_v0
-2015448393,Checkers,0,GAME_OVER,45,44,2,175,OSLA,MCTS_v0
-2064385662,Checkers,0,GAME_OVER,51,50,2,176,OSLA,MCTS_v0
-265047608,Checkers,0,GAME_OVER,48,47,2,177,OSLA,MCTS_v0
1202733722,Checkers,0,GAME_OVER,67,66,2,178,OSLA,MCTS_v0
2038400427,Checkers,0,GAME_OVER,46,45,2,179,OSLA,MCTS_v0
1403464477,Checkers,0,GAME_OVER,48,47,2,180,OSLA,MCTS_v0
1522998788,Checkers,0,GAME_OVER,81,80,2,181,OSLA,MCTS_v0
314276589,Checkers,0,GAME_OVER,46,45,2,182,OSLA,MCTS_v0
-1040868339,Checkers,0,GAME_OVER,50,49,2,183,OSLA,MCTS_v0
1819778660,Checkers,0,GAME_OVER,157,156,2,184,OSLA,MCTS_v0
589158963,Checkers,0,GAME_OVER,100,99,2,185,OSLA,MCTS_v0
-1642803471,Checkers,0,GAME_OVER,52,51,2,186,OSLA,MCTS_v0
-601680706,Checkers,0,GAME_OVER,104,103,2,187,OSLA,MCTS_v0
-473131545,Checkers,0,GAME_OVER,97,96,2,188,OSLA,MCTS_v0
-665269128,Checkers,0,GAME_OVER,53,52,2,189,OSLA,MCTS_v0
-1676692394,Checkers,0,GAME_OVER,48,47,2,190,OSLA,MCTS_v0
-1439880590,Checkers,0,GAME_OVER,51,50,2,191,OSLA,MCTS_v0
-978998287,Checkers,0,GAME_OVER,50,49,2,192,OSLA,MCTS_v0
411935828,Checkers,0,GAME_OVER,80,79,2,193,OSLA,MCTS_v0
1717622854,Checkers,0,GAME_OVER,53,52,2,194,OSLA,MCTS_v0
-241863973,Checkers,0,GAME_OVER,49,48,2,195,OSLA,MCTS_v0
138743001,Checkers,0,GAME_OVER,48,47,2,196,OSLA,MCTS_v0
1897474159,Checkers,0,GAME_OVER,61,60,2,197,OSLA,MCTS_v0
464999387,Checkers,0,GAME_OVER,58,57,2,198,OSLA,MCTS_v0
-1920635899,Checkers,0,GAME_OVER,49,48,2,199,OSLA,MCTS_v0
-409828713,Checkers,0,GAME_OVER,56,55,2,200,OSLA,MCTS_v0
1218583704,Checkers,0,GAME_OVER,159,158,2,201,OSLA,MCTS_v0
1632646096,Checkers,0,GAME_OVER,79,78,2,202,OSLA,MCTS_v0
-1736770557,Checkers,0,GAME_OVER,67,66,2,203,OSLA,MCTS_v0
-2123684455,Checkers,0,GAME_OVER,65,64,2,204,OSLA,MCTS_v0
-514456566,Checkers,0,GAME_OVER,89,88,2,205,OSLA,MCTS_v0
-66173062,Checkers,0,GAME_OVER,77,76,2,206,OSLA,MCTS_v0
1615513291,Checkers,0,GAME_OVER,47,46,2,207,OSLA,MCTS_v0
-1174747433,Checkers,0,GAME_OVER,67,66,2,208,OSLA,MCTS_v0
179913713,Checkers,0,GAME_OVER,52,51,2,209,OSLA,MCTS_v0
-825529608,Checkers,0,GAME_OVER,50,49,2,210,OSLA,MCTS_v0
928480862,Checkers,0,GAME_OVER,44,43,2,211,OSLA,MCTS_v0
460941093,Checkers,0,GAME_OVER,90,89,2,212,OSLA,MCTS_v0
2012768812,Checkers,0,GAME_OVER,189,188,2,213,OSLA,MCTS_v0
-717766487,Checkers,0,GAME_OVER,66,65,2,214,OSLA,MCTS_v0
1647022379,Checkers,0,GAME_OVER,49,48,2,215,OSLA,MCTS_v0
-1887940665,Checkers,0,GAME_OVER,91,90,2,216,OSLA,MCTS_v0
-364864429,Checkers,0,GAME_OVER,93,92,2,217,OSLA,MCTS_v0
1861127646,Checkers,0,GAME_OVER,43,42,2,218,OSLA,MCTS_v0
1536481973,Checkers,0,GAME_OVER,110,109,2,219,OSLA,MCTS_v0
1318035530,Checkers,0,GAME_OVER,74,73,2,220,OSLA,MCTS_v0
-1031703814,Checkers,0,GAME_OVER,60,59,2,221,OSLA,MCTS_v0
-1263554864,Checkers,0,GAME_OVER,48,47,2,222,OSLA,MCTS_v0
959986291,Checkers,0,GAME_OVER,55,54,2,223,OSLA,MCTS_v0
-760013051,Checkers,0,GAME_OVER,37,36,2,224,Random,MCTS_v0
165728500,Checkers,0,GAME_OVER,38,37,2,225,Random,MCTS_v0
1388765151,Checkers,0,GAME_OVER,37,36,2,226,Random,MCTS_v0
1718951435,Checkers,0,GAME_OVER,36,35,2,227,Random,MCTS_v0
-1064791289,Checkers,0,GAME_OVER,41,40,2,228,Random,MCTS_v0
-1636257134,Checkers,0,GAME_OVER,34,33,2,229,Random,MCTS_v0
1634360935,Checkers,0,GAME_OVER,44,43,2,230,Random,MCTS_v0
-1395887239,Checkers,0,GAME_OVER,39,38,2,231,Random,MCTS_v0
647952441,Checkers,0,GAME_OVER,35,34,2,232,Random,MCTS_v0
187093421,Checkers,0,GAME_OVER,38,37,2,233,Random,MCTS_v0
-373241072,Checkers,0,GAME_OVER,48,47,2,234,Random,MCTS_v0
521671885,Checkers,0,GAME_OVER,38,37,2,235,Random,MCTS_v0
-2052836645,Checkers,0,GAME_OVER,32,31,2,236,Random,MCTS_v0
291765727,Checkers,0,GAME_OVER,48,47,2,237,Random,MCTS_v0
1563472397,Checkers,0,GAME_OVER,39,38,2,238,Random,MCTS_v0
497858075,Checkers,0,GAME_OVER,43,42,2,239,Random,MCTS_v0
-1993918902,Checkers,0,GAME_OVER,37,36,2,240,Random,MCTS_v0
290353407,Checkers,0,GAME_OVER,41,40,2,241,Random,MCTS_v0
-417393078,Checkers,0,GAME_OVER,39,38,2,242,Random,MCTS_v0
269872713,Checkers,0,GAME_OVER,44,43,2,243,Random,MCTS_v0
-1852772662,Checkers,0,GAME_OVER,59,58,2,244,Random,MCTS_v0
-480546926,Checkers,0,GAME_OVER,42,41,2,245,Random,MCTS_v0
917043920,Checkers,0,GAME_OVER,38,37,2,246,Random,MCTS_v0
1521847961,Checkers,0,GAME_OVER,43,42,2,247,Random,MCTS_v0
-2045017210,Checkers,0,GAME_OVER,44,43,2,248,Random,MCTS_v0
-1214382976,Checkers,0,GAME_OVER,49,48,2,249,Random,MCTS_v0
-685662610,Checkers,0,GAME_OVER,30,29,2,250,Random,MCTS_v0
-1454874746,Checkers,0,GAME_OVER,43,42,2,251,Random,MCTS_v0
-1133693740,Checkers,0,GAME_OVER,36,35,2,252,Random,MCTS_v0
-1256680438,Checkers,0,GAME_OVER,41,40,2,253,Random,MCTS_v0
1690717589,Checkers,0,GAME_OVER,48,47,2,254,Random,MCTS_v0
607737556,Checkers,0,GAME_OVER,44,43,2,255,Random,MCTS_v0
-1576248644,Checkers,0,GAME_OVER,32,31,2,256,Random,MCTS_v0
1887117819,Checkers,0,GAME_OVER,31,30,2,257,Random,MCTS_v0
-691868029,Checkers,0,GAME_OVER,28,27,2,258,Random,MCTS_v0
1940495074,Checkers,0,GAME_OVER,45,44,2,259,Random,MCTS_v0
590759866,Checkers,0,GAME_OVER,37,36,2,260,Random,MCTS_v0
-905074915,Checkers,0,GAME_OVER,43,42,2,261,Random,MCTS_v0
-340743260,Checkers,0,GAME_OVER,47,46,2,262,Random,MCTS_v0
-1968904382,Checkers,0,GAME_OVER,42,41,2,263,Random,MCTS_v0
1392186307,Checkers,0,GAME_OVER,44,43,2,264,Random,MCTS_v0
429605358,Checkers,0,GAME_OVER,41,40,2,265,Random,MCTS_v0
610951220,Checkers,0,GAME_OVER,42,41,2,266,Random,MCTS_v0
-1403050357,Checkers,0,GAME_OVER,37,36,2,267,Random,MCTS_v0
-1508076667,Checkers,0,GAME_OVER,42,41,2,268,Random,MCTS_v0
2084081299,Checkers,0,GAME_OVER,33,32,2,269,Random,MCTS_v0
682142504,Checkers,0,GAME_OVER,36,35,2,270,Random,MCTS_v0
-1647225491,Checkers,0,GAME_OVER,40,39,2,271,Random,MCTS_v0
-1253113869,Checkers,0,GAME_OVER,39,38,2,272,Random,MCTS_v0
-2047110643,Checkers,0,GAME_OVER,58,57,2,273,Random,MCTS_v0
-1684943794,Checkers,0,GAME_OVER,33,32,2,274,Random,MCTS_v0
2094596869,Checkers,0,GAME_OVER,36,35,2,275,Random,MCTS_v0
1214124544,Checkers,0,GAME_OVER,35,34,2,276,Random,MCTS_v0
-395664214,Checkers,0,GAME_OVER,47,46,2,277,Random,MCTS_v0
1518841779,Checkers,0,GAME_OVER,46,45,2,278,Random,MCTS_v0
-731970959,Checkers,0,GAME_OVER,41,40,2,279,Random,MCTS_v0
-1163815255,Checkers,0,GAME_OVER,40,39,2,280,Random,MCTS_v0
-523563075,Checkers,0,GAME_OVER,43,42,2,281,Random,MCTS_v0
-1874801852,Checkers,0,GAME_OVER,50,49,2,282,Random,MCTS_v0
-1606475353,Checkers,0,GAME_OVER,38,37,2,283,Random,MCTS_v0
911785785,Checkers,0,GAME_OVER,37,36,2,284,Random,MCTS_v0
2127516305,Checkers,0,GAME_OVER,43,42,2,285,Random,MCTS_v0
-2015448393,Checkers,0,GAME_OVER,44,43,2,286,Random,MCTS_v0
-2064385662,Checkers,0,GAME_OVER,47,46,2,287,Random,MCTS_v0
-265047608,Checkers,0,GAME_OVER,36,35,2,288,Random,MCTS_v0
1202733722,Checkers,0,GAME_OVER,30,29,2,289,Random,MCTS_v0
2038400427,Checkers,0,GAME_OVER,43,42,2,290,Random,MCTS_v0
1403464477,Checkers,0,GAME_OVER,45,44,2,291,Random,MCTS_v0
1522998788,Checkers,0,GAME_OVER,37,36,2,292,Random,MCTS_v0
314276589,Checkers,0,GAME_OVER,42,41,2,293,Random,MCTS_v0
-1040868339,Checkers,0,GAME_OVER,31,30,2,294,Random,MCTS_v0
1819778660,Checkers,0,GAME_OVER,45,44,2,295,Random,MCTS_v0
589158963,Checkers,0,GAME_OVER,37,36,2,296,Random,MCTS_v0
-1642803471,Checkers,0,GAME_OVER,34,33,2,297,Random,MCTS_v0
-601680706,Checkers,0,GAME_OVER,54,53,2,298,Random,MCTS_v0
-473131545,Checkers,0,GAME_OVER,33,32,2,299,Random,MCTS_v0
-665269128,Checkers,0,GAME_OVER,36,35,2,300,Random,MCTS_v0
-1676692394,Checkers,0,GAME_OVER,43,42,2,301,Random,MCTS_v0
-1439880590,Checkers,0,GAME_OVER,40,39,2,302,Random,MCTS_v0
-978998287,Checkers,0,GAME_OVER,46,45,2,303,Random,MCTS_v0
411935828,Checkers,0,GAME_OVER,39,38,2,304,Random,MCTS_v0
1717622854,Checkers,0,GAME_OVER,47,46,2,305,Random,MCTS_v0
-241863973,Checkers,0,GAME_OVER,46,45,2,306,Random,MCTS_v0
138743001,Checkers,0,GAME_OVER,37,36,2,307,Random,MCTS_v0
1897474159,Checkers,0,GAME_OVER,39,38,2,308,Random,MCTS_v0
464999387,Checkers,0,GAME_OVER,40,39,2,309,Random,MCTS_v0
-1920635899,Checkers,0,GAME_OVER,38,37,2,310,Random,MCTS_v0
-409828713,Checkers,0,GAME_OVER,39,38,2,311,Random,MCTS_v0
1218583704,Checkers,0,GAME_OVER,36,35,2,312,Random,MCTS_v0
1632646096,Checkers,0,GAME_OVER,41,40,2,313,Random,MCTS_v0
-1736770557,Checkers,0,GAME_OVER,43,42,2,314,Random,MCTS_v0
-2123684455,Checkers,0,GAME_OVER,46,45,2,315,Random,MCTS_v0
-514456566,Checkers,0,GAME_OVER,38,37,2,316,Random,MCTS_v0
-66173062,Checkers,0,GAME_OVER,34,33,2,317,Random,MCTS_v0
1615513291,Checkers,0,GAME_OVER,35,34,2,318,Random,MCTS_v0
-1174747433,Checkers,0,GAME_OVER,43,42,2,319,Random,MCTS_v0
179913713,Checkers,0,GAME_OVER,36,35,2,320,Random,MCTS_v0
-825529608,Checkers,0,GAME_OVER,37,36,2,321,Random,MCTS_v0
928480862,Checkers,0,GAME_OVER,44,43,2,322,Random,MCTS_v0
460941093,Checkers,0,GAME_OVER,29,28,2,323,Random,MCTS_v0
2012768812,Checkers,0,GAME_OVER,33,32,2,324,Random,MCTS_v0
-717766487,Checkers,0,GAME_OVER,39,38,2,325,Random,MCTS_v0
1647022379,Checkers,0,GAME_OVER,51,50,2,326,Random,MCTS_v0
-1887940665,Checkers,0,GAME_OVER,39,38,2,327,Random,MCTS_v0
-364864429,Checkers,0,GAME_OVER,34,33,2,328,Random,MCTS_v0
1861127646,Checkers,0,GAME_OVER,36,35,2,329,Random,MCTS_v0
1536481973,Checkers,0,GAME_OVER,39,38,2,330,Random,MCTS_v0
1318035530,Checkers,0,GAME_OVER,41,40,2,331,Random,MCTS_v0
-1031703814,Checkers,0,GAME_OVER,41,40,2,332,Random,MCTS_v0
-1263554864,Checkers,0,GAME_OVER,32,31,2,333,Random,MCTS_v0
959986291,Checkers,0,GAME_OVER,42,41,2,334,Random,MCTS_v0
-760013051,Checkers,0,GAME_OVER,56,55,2,335,MCTS_v0,OSLA
165728500,Checkers,0,GAME_OVER,78,77,2,336,MCTS_v0,OSLA
1388765151,Checkers,0,GAME_OVER,60,59,2,337,MCTS_v0,OSLA
1718951435,Checkers,0,GAME_OVER,57,56,2,338,MCTS_v0,OSLA
-1064791289,Checkers,0,GAME_OVER,60,59,2,339,MCTS_v0,OSLA
-1636257134,Checkers,0,GAME_OVER,58,57,2,340,MCTS_v0,OSLA
1634360935,Checkers,0,GAME_OVER,45,44,2,341,MCTS_v0,OSLA
-1395887239,Checkers,0,GAME_OVER,50,49,2,342,MCTS_v0,OSLA
647952441,Checkers,0,GAME_OVER,68,67,2,343,MCTS_v0,OSLA
187093421,Checkers,0,GAME_OVER,51,50,2,344,MCTS_v0,OSLA
-373241072,Checkers,0,GAME_OVER,93,92,2,345,MCTS_v0,OSLA
521671885,Checkers,0,GAME_OVER,51,50,2,346,MCTS_v0,OSLA
-2052836645,Checkers,0,GAME_OVER,73,72,2,347,MCTS_v0,OSLA
291765727,Checkers,0,GAME_OVER,56,55,2,348,MCTS_v0,OSLA
1563472397,Checkers,0,GAME_OVER,87,86,2,349,MCTS_v0,OSLA
497858075,Checkers,0,GAME_OVER,78,77,2,350,MCTS_v0,OSLA
-1993918902,Checkers,0,GAME_OVER,153,152,2,351,MCTS_v0,OSLA
290353407,Checkers,0,GAME_OVER,64,63,2,352,MCTS_v0,OSLA
-417393078,Checkers,0,GAME_OVER,54,53,2,353,MCTS_v0,OSLA
269872713,Checkers,0,GAME_OVER,52,51,2,354,MCTS_v0,OSLA
-1852772662,Checkers,0,GAME_OVER,52,51,2,355,MCTS_v0,OSLA
-480546926,Checkers,0,GAME_OVER,69,68,2,356,MCTS_v0,OSLA
917043920,Checkers,0,GAME_OVER,80,79,2,357,MCTS_v0,OSLA
1521847961,Checkers,0,GAME_OVER,99,98,2,358,MCTS_v0,OSLA
-2045017210,Checkers,0,GAME_OVER,46,45,2,359,MCTS_v0,OSLA
-1214382976,Checkers,0,GAME_OVER,72,71,2,360,MCTS_v0,OSLA
-685662610,Checkers,0,GAME_OVER,50,49,2,361,MCTS_v0,OSLA
-1454874746,Checkers,0,GAME_OVER,60,59,2,362,MCTS_v0,OSLA
-1133693740,Checkers,0,GAME_OVER,70,69,2,363,MCTS_v0,OSLA
-1256680438,Checkers,0,GAME_OVER,104,103,2,364,MCTS_v0,OSLA
1690717589,Checkers,0,GAME_OVER,62,61,2,365,MCTS_v0,OSLA
607737556,Checkers,0,GAME_OVER,47,46,2,366,MCTS_v0,OSLA
-1576248644,Checkers,0,GAME_OVER,79,78,2,367,MCTS_v0,OSLA
1887117819,Checkers,0,GAME_OVER,46,45,2,368,MCTS_v0,OSLA
-691868029,Checkers,0,GAME_OVER,55,54,2,369,MCTS_v0,OSLA
1940495074,Checkers,0,GAME_OVER,49,48,2,370,MCTS_v0,OSLA
590759866,Checkers,0,GAME_OVER,51,50,2,371,MCTS_v0,OSLA
-905074915,Checkers,0,GAME_OVER,78,77,2,372,MCTS_v0,OSLA
-340743260,Checkers,0,GAME_OVER,67,66,2,373,MCTS_v0,OSLA
-1968904382,Checkers,0,GAME_OVER,111,110,2,374,MCTS_v0,OSLA
1392186307,Checkers,0,GAME_OVER,134,133,2,375,MCTS_v0,OSLA
429605358,Checkers,0,GAME_OVER,57,56,2,376,MCTS_v0,OSLA
610951220,Checkers,0,GAME_OVER,53,52,2,377,MCTS_v0,OSLA
-1403050357,Checkers,0,GAME_OVER,74,73,2,378,MCTS_v0,OSLA
-1508076667,Checkers,0,GAME_OVER,54,53,2,379,MCTS_v0,OSLA
2084081299,Checkers,0,GAME_OVER,58,57,2,380,MCTS_v0,OSLA
682142504,Checkers,0,GAME_OVER,47,46,2,381,MCTS_v0,OSLA
-1647225491,Checkers,0,GAME_OVER,61,60,2,382,MCTS_v0,OSLA
-1253113869,Checkers,0,GAME_OVER,55,54,2,383,MCTS_v0,OSLA
-2047110643,Checkers,0,GAME_OVER,74,73,2,384,MCTS_v0,OSLA
-1684943794,Checkers,0,GAME_OVER,118,117,2,385,MCTS_v0,OSLA
2094596869,Checkers,0,GAME_OVER,48,47,2,386,MCTS_v0,OSLA
1214124544,Checkers,0,GAME_OVER,46,45,2,387,MCTS_v0,OSLA
-395664214,Checkers,0,GAME_OVER,49,48,2,388,MCTS_v0,OSLA
1518841779,Checkers,0,GAME_OVER,55,54,2,389,MCTS_v0,OSLA
-731970959,Checkers,0,GAME_OVER,83,82,2,390,MCTS_v0,OSLA
-1163815255,Checkers,0,GAME_OVER,49,48,2,391,MCTS_v0,OSLA
-523563075,Checkers,0,GAME_OVER,43,42,2,392,MCTS_v0,OSLA
-1874801852,Checkers,0,GAME_OVER,40,39,2,393,MCTS_v0,OSLA
-1606475353,Checkers,0,GAME_OVER,51,50,2,394,MCTS_v0,OSLA
911785785,Checkers,0,GAME_OVER,59,58,2,395,MCTS_v0,OSLA
2127516305,Checkers,0,GAME_OVER,62,61,2,396,MCTS_v0,OSLA
-2015448393,Checkers,0,GAME_OVER,66,65,2,397,MCTS_v0,OSLA
-2064385662,Checkers,0,GAME_OVER,64,63,2,398,MCTS_v0,OSLA
-265047608,Checkers,0,GAME_OVER,43,42,2,399,MCTS_v0,OSLA
1202733722,Checkers,0,GAME_OVER,50,49,2,400,MCTS_v0,OSLA
2038400427,Checkers,0,GAME_OVER,42,41,2,401,MCTS_v0,OSLA
1403464477,Checkers,0,GAME_OVER,54,53,2,402,MCTS_v0,OSLA
1522998788,Checkers,0,GAME_OVER,48,47,2,403,MCTS_v0,OSLA
314276589,Checkers,0,GAME_OVER,51,50,2,404,MCTS_v0,OSLA
-1040868339,Checkers,0,GAME_OVER,78,77,2,405,MCTS_v0,OSLA
1819778660,Checkers,0,GAME_OVER,47,46,2,406,MCTS_v0,OSLA
589158963,Checkers,0,GAME_OVER,151,150,2,407,MCTS_v0,OSLA
-1642803471,Checkers,0,GAME_OVER,57,56,2,408,MCTS_v0,OSLA
-601680706,Checkers,0,GAME_OVER,66,65,2,409,MCTS_v0,OSLA
-473131545,Checkers,0,GAME_OVER,53,52,2,410,MCTS_v0,OSLA
-665269128,Checkers,0,GAME_OVER,84,83,2,411,MCTS_v0,OSLA
-1676692394,Checkers,0,GAME_OVER,58,57,2,412,MCTS_v0,OSLA
-1439880590,Checkers,0,GAME_OVER,54,53,2,413,MCTS_v0,OSLA
-978998287,Checkers,0,GAME_OVER,74,73,2,414,MCTS_v0,OSLA
411935828,Checkers,0,GAME_OVER,82,81,2,415,MCTS_v0,OSLA
1717622854,Checkers,0,GAME_OVER,40,39,2,416,MCTS_v0,OSLA
-241863973,Checkers,0,GAME_OVER,58,57,2,417,MCTS_v0,OSLA
138743001,Checkers,0,GAME_OVER,77,76,2,418,MCTS_v0,OSLA
1897474159,Checkers,0,GAME_OVER,93,92,2,419,MCTS_v0,OSLA
464999387,Checkers,0,GAME_OVER,49,48,2,420,MCTS_v0,OSLA
-1920635899,Checkers,0,GAME_OVER,80,79,2,421,MCTS_v0,OSLA
-409828713,Checkers,0,GAME_OVER,39,38,2,422,MCTS_v0,OSLA
1218583704,Checkers,0,GAME_OVER,57,56,2,423,MCTS_v0,OSLA
1632646096,Checkers,0,GAME_OVER,78,77,2,424,MCTS_v0,OSLA
-1736770557,Checkers,0,GAME_OVER,48,47,2,425,MCTS_v0,OSLA
-2123684455,Checkers,0,GAME_OVER,71,70,2,426,MCTS_v0,OSLA
-514456566,Checkers,0,GAME_OVER,58,57,2,427,MCTS_v0,OSLA
-66173062,Checkers,0,GAME_OVER,47,46,2,428,MCTS_v0,OSLA
1615513291,Checkers,0,GAME_OVER,46,45,2,429,MCTS_v0,OSLA
-1174747433,Checkers,0,GAME_OVER,55,54,2,430,MCTS_v0,OSLA
179913713,Checkers,0,GAME_OVER,50,49,2,431,MCTS_v0,OSLA
-825529608,Checkers,0,GAME_OVER,52,51,2,432,MCTS_v0,OSLA
928480862,Checkers,0,GAME_OVER,57,56,2,433,MCTS_v0,OSLA
460941093,Checkers,0,GAME_OVER,59,58,2,434,MCTS_v0,OSLA
2012768812,Checkers,0,GAME_OVER,77,76,2,435,MCTS_v0,OSLA
-717766487,Checkers,0,GAME_OVER,109,108,2,436,MCTS_v0,OSLA
1647022379,Checkers,0,GAME_OVER,48,47,2,437,MCTS_v0,OSLA
-1887940665,Checkers,0,GAME_OVER,75,74,2,438,MCTS_v0,OSLA
-364864429,Checkers,0,GAME_OVER,69,68,2,439,MCTS_v0,OSLA
1861127646,Checkers,0,GAME_OVER,52,51,2,440,MCTS_v0,OSLA
1536481973,Checkers,0,GAME_OVER,52,51,2,441,MCTS_v0,OSLA
1318035530,Checkers,0,GAME_OVER,115,114,2,442,MCTS_v0,OSLA
-1031703814,Checkers,0,GAME_OVER,50,49,2,443,MCTS_v0,OSLA
-1263554864,Checkers,0,GAME_OVER,52,51,2,444,MCTS_v0,OSLA
959986291,Checkers,0,GAME_OVER,58,57,2,445,MCTS_v0,OSLA
-760013051,Checkers,0,GAME_OVER,42,41,2,446,OSLA,OSLA
165728500,Checkers,0,GAME_OVER,45,44,2,447,OSLA,OSLA
1388765151,Checkers,0,GAME_OVER,67,66,2,448,OSLA,OSLA
1718951435,Checkers,0,GAME_OVER,41,40,2,449,OSLA,OSLA
-1064791289,Checkers,0,GAME_OVER,67,66,2,450,OSLA,OSLA
-1636257134,Checkers,0,GAME_OVER,45,44,2,451,OSLA,OSLA
1634360935,Checkers,0,GAME_OVER,53,52,2,452,OSLA,OSLA
-1395887239,Checkers,0,GAME_OVER,87,86,2,453,OSLA,OSLA
647952441,Checkers,0,GAME_OVER,62,61,2,454,OSLA,OSLA
187093421,Checkers,0,GAME_OVER,45,44,2,455,OSLA,OSLA
-373241072,Checkers,0,GAME_OVER,61,60,2,456,OSLA,OSLA
521671885,Checkers,0,GAME_OVER,96,95,2,457,OSLA,OSLA
-2052836645,Checkers,0,GAME_OVER,75,74,2,458,OSLA,OSLA
291765727,Checkers,0,GAME_OVER,60,59,2,459,OSLA,OSLA
1563472397,Checkers,0,GAME_OVER,54,53,2,460,OSLA,OSLA
497858075,Checkers,0,GAME_OVER,44,43,2,461,OSLA,OSLA
-1993918902,Checkers,0,GAME_OVER,106,105,2,462,OSLA,OSLA
290353407,Checkers,0,GAME_OVER,67,66,2,463,OSLA,OSLA
-417393078,Checkers,0,GAME_OVER,39,38,2,464,OSLA,OSLA
269872713,Checkers,0,GAME_OVER,49,48,2,465,OSLA,OSLA
-1852772662,Checkers,0,GAME_OVER,46,45,2,466,OSLA,OSLA
-480546926,Checkers,0,GAME_OVER,85,84,2,467,OSLA,OSLA
917043920,Checkers,0,GAME_OVER,74,73,2,468,OSLA,OSLA
1521847961,Checkers,0,GAME_OVER,37,36,2,469,OSLA,OSLA
-2045017210,Checkers,0,GAME_OVER,51,50,2,470,OSLA,OSLA
-1214382976,Checkers,0,GAME_OVER,60,59,2,471,OSLA,OSLA
-685662610,Checkers,0,GAME_OVER,50,49,2,472,OSLA,OSLA
-1454874746,Checkers,0,GAME_OVER,70,69,2,473,OSLA,OSLA
-1133693740,Checkers,0,GAME_OVER,31,30,2,474,OSLA,OSLA
-1256680438,Checkers,0,GAME_OVER,40,39,2,475,OSLA,OSLA
1690717589,Checkers,0,GAME_OVER,62,61,2,476,OSLA,OSLA
607737556,Checkers,0,GAME_OVER,114,113,2,477,OSLA,OSLA
-1576248644,Checkers,0,GAME_OVER,40,39,2,478,OSLA,OSLA
1887117819,Checkers,0,GAME_OVER,44,43,2,479,OSLA,OSLA
-691868029,Checkers,0,GAME_OVER,47,46,2,480,OSLA,OSLA
1940495074,Checkers,0,GAME_OVER,50,49,2,481,OSLA,OSLA
590759866,Checkers,0,GAME_OVER,54,53,2,482,OSLA,OSLA
-905074915,Checkers,0,GAME_OVER,33,32,2,483,OSLA,OSLA
-340743260,Checkers,0,GAME_OVER,62,61,2,484,OSLA,OSLA
-1968904382,Checkers,0,GAME_OVER,61,60,2,485,OSLA,OSLA
1392186307,Checkers,0,GAME_OVER,88,87,2,486,OSLA,OSLA
429605358,Checkers,0,GAME_OVER,38,37,2,487,OSLA,OSLA
610951220,Checkers,0,GAME_OVER,75,74,2,488,OSLA,OSLA
-1403050357,Checkers,0,GAME_OVER,37,36,2,489,OSLA,OSLA
-1508076667,Checkers,0,GAME_OVER,68,67,2,490,OSLA,OSLA
2084081299,Checkers,0,GAME_OVER,48,47,2,491,OSLA,OSLA
682142504,Checkers,0,GAME_OVER,49,48,2,492,OSLA,OSLA
-1647225491,Checkers,0,GAME_OVER,65,64,2,493,OSLA,OSLA
-1253113869,Checkers,0,GAME_OVER,44,43,2,494,OSLA,OSLA
-2047110643,Checkers,0,GAME_OVER,85,84,2,495,OSLA,OSLA
-1684943794,Checkers,0,GAME_OVER,46,45,2,496,OSLA,OSLA
2094596869,Checkers,0,GAME_OVER,55,54,2,497,OSLA,OSLA
1214124544,Checkers,0,GAME_OVER,48,47,2,498,OSLA,OSLA
-395664214,Checkers,0,GAME_OVER,41,40,2,499,OSLA,OSLA
1518841779,Checkers,0,GAME_OVER,65,64,2,500,OSLA,OSLA
-731970959,Checkers,0,GAME_OVER,33,32,2,501,OSLA,OSLA
-1163815255,Checkers,0,GAME_OVER,40,39,2,502,OSLA,OSLA
-523563075,Checkers,0,GAME_OVER,67,66,2,503,OSLA,OSLA
-1874801852,Checkers,0,GAME_OVER,74,73,2,504,OSLA,OSLA
-1606475353,Checkers,0,GAME_OVER,41,40,2,505,OSLA,OSLA
911785785,Checkers,0,GAME_OVER,46,45,2,506,OSLA,OSLA
2127516305,Checkers,0,GAME_OVER,36,35,2,507,OSLA,OSLA
-2015448393,Checkers,0,GAME_OVER,94,93,2,508,OSLA,OSLA
-2064385662,Checkers,0,GAME_OVER,44,43,2,509,OSLA,OSLA
-265047608,Checkers,0,GAME_OVER,152,151,2,510,OSLA,OSLA
1202733722,Checkers,0,GAME_OVER,64,63,2,511,OSLA,OSLA
2038400427,Checkers,0,GAME_OVER,45,44,2,512,OSLA,OSLA
1403464477,Checkers,0,GAME_OVER,130,129,2,513,OSLA,OSLA
1522998788,Checkers,0,GAME_OVER,48,47,2,514,OSLA,OSLA
314276589,Checkers,0,GAME_OVER,50,49,2,515,OSLA,OSLA
-1040868339,Checkers,0,GAME_OVER,91,90,2,516,OSLA,OSLA
1819778660,Checkers,0,GAME_OVER,44,43,2,517,OSLA,OSLA
589158963,Checkers,0,GAME_OVER,44,43,2,518,OSLA,OSLA
-1642803471,Checkers,0,GAME_OVER,41,40,2,519,OSLA,OSLA
-601680706,Checkers,0,GAME_OVER,31,30,2,520,OSLA,OSLA
-473131545,Checkers,0,GAME_OVER,40,39,2,521,OSLA,OSLA
-665269128,Checkers,0,GAME_OVER,57,56,2,522,OSLA,OSLA
-1676692394,Checkers,0,GAME_OVER,44,43,2,523,OSLA,OSLA
-1439880590,Checkers,0,GAME_OVER,40,39,2,524,OSLA,OSLA
-978998287,Checkers,0,GAME_OVER,39,38,2,525,OSLA,OSLA
411935828,Checkers,0,GAME_OVER,53,52,2,526,OSLA,OSLA
1717622854,Checkers,0,GAME_OVER,48,47,2,527,OSLA,OSLA
-241863973,Checkers,0,GAME_OVER,34,33,2,528,OSLA,OSLA
138743001,Checkers,0,GAME_OVER,51,50,2,529,OSLA,OSLA
1897474159,Checkers,0,GAME_OVER,98,97,2,530,OSLA,OSLA
464999387,Checkers,0,GAME_OVER,46,45,2,531,OSLA,OSLA
-1920635899,Checkers,0,GAME_OVER,49,48,2,532,OSLA,OSLA
-409828713,Checkers,0,GAME_OVER,94,93,2,533,OSLA,OSLA
1218583704,Checkers,0,GAME_OVER,77,76,2,534,OSLA,OSLA
1632646096,Checkers,0,GAME_OVER,41,40,2,535,OSLA,OSLA
-1736770557,Checkers,0,GAME_OVER,43,42,2,536,OSLA,OSLA
-2123684455,Checkers,0,GAME_OVER,78,77,2,537,OSLA,OSLA
-514456566,Checkers,0,GAME_OVER,64,63,2,538,OSLA,OSLA
-66173062,Checkers,0,GAME_OVER,104,103,2,539,OSLA,OSLA
1615513291,Checkers,0,GAME_OVER,81,80,2,540,OSLA,OSLA
-1174747433,Checkers,0,GAME_OVER,75,74,2,541,OSLA,OSLA
179913713,Checkers,0,GAME_OVER,80,79,2,542,OSLA,OSLA
-825529608,Checkers,0,GAME_OVER,58,57,2,543,OSLA,OSLA
928480862,Checkers,0,GAME_OVER,41,40,2,544,OSLA,OSLA
460941093,Checkers,0,GAME_OVER,118,117,2,545,OSLA,OSLA
2012768812,Checkers,0,GAME_OVER,59,58,2,546,OSLA,OSLA
-717766487,Checkers,0,GAME_OVER,55,54,2,547,OSLA,OSLA
1647022379,Checkers,0,GAME_OVER,46,45,2,548,OSLA,OSLA
-1887940665,Checkers,0,GAME_OVER,42,41,2,549,OSLA,OSLA
-364864429,Checkers,0,GAME_OVER,101,100,2,550,OSLA,OSLA
1861127646,Checkers,0,GAME_OVER,99,98,2,551,OSLA,OSLA
1536481973,Checkers,0,GAME_OVER,103,102,2,552,OSLA,OSLA
1318035530,Checkers,0,GAME_OVER,62,61,2,553,OSLA,OSLA
-1031703814,Checkers,0,GAME_OVER,40,39,2,554,OSLA,OSLA
-1263554864,Checkers,0,GAME_OVER,42,41,2,555,OSLA,OSLA
959986291,Checkers,0,GAME_OVER,46,45,2,556,OSLA,OSLA
-760013051,Checkers,0,GAME_OVER,30,29,2,557,Random,OSLA
165728500,Checkers,0,GAME_OVER,31,30,2,558,Random,OSLA
1388765151,Checkers,0,GAME_OVER,37,36,2,559,Random,OSLA
1718951435,Checkers,0,GAME_OVER,40,39,2,560,Random,OSLA
-1064791289,Checkers,0,GAME_OVER,39,38,2,561,Random,OSLA
-1636257134,Checkers,0,GAME_OVER,43,42,2,562,Random,OSLA
1634360935,Checkers,0,GAME_OVER,41,40,2,563,Random,OSLA
-1395887239,Checkers,0,GAME_OVER,52,51,2,564,Random,OSLA
647952441,Checkers,0,GAME_OVER,43,42,2,565,Random,OSLA
187093421,Checkers,0,GAME_OVER,47,46,2,566,Random,OSLA
-373241072,Checkers,0,GAME_OVER,34,33,2,567,Random,OSLA
521671885,Checkers,0,GAME_OVER,38,37,2,568,Random,OSLA
-2052836645,Checkers,0,GAME_OVER,40,39,2,569,Random,OSLA
291765727,Checkers,0,GAME_OVER,36,35,2,570,Random,OSLA
1563472397,Checkers,0,GAME_OVER,40,39,2,571,Random,OSLA
497858075,Checkers,0,GAME_OVER,30,29,2,572,Random,OSLA
-1993918902,Checkers,0,GAME_OVER,33,32,2,573,Random,OSLA
290353407,Checkers,0,GAME_OVER,41,40,2,574,Random,OSLA
-417393078,Checkers,0,GAME_OVER,74,73,2,575,Random,OSLA
269872713,Checkers,0,GAME_OVER,45,44,2,576,Random,OSLA
-1852772662,Checkers,0,GAME_OVER,34,33,2,577,Random,OSLA
-480546926,Checkers,0,GAME_OVER,42,41,2,578,Random,OSLA
917043920,Checkers,0,GAME_OVER,41,40,2,579,Random,OSLA
1521847961,Checkers,0,GAME_OVER,33,32,2,580,Random,OSLA
-2045017210,Checkers,0,GAME_OVER,34,33,2,581,Random,OSLA
-1214382976,Checkers,0,GAME_OVER,33,32,2,582,Random,OSLA
-685662610,Checkers,0,GAME_OVER,37,36,2,583,Random,OSLA
-1454874746,Checkers,0,GAME_OVER,43,42,2,584,Random,OSLA
-1133693740,Checkers,0,GAME_OVER,40,39,2,585,Random,OSLA
-1256680438,Checkers,0,GAME_OVER,30,29,2,586,Random,OSLA
1690717589,Checkers,0,GAME_OVER,42,41,2,587,Random,OSLA
607737556,Checkers,0,GAME_OVER,45,44,2,588,Random,OSLA
-1576248644,Checkers,0,GAME_OVER,42,41,2,589,Random,OSLA
1887117819,Checkers,0,GAME_OVER,35,34,2,590,Random,OSLA
-691868029,Checkers,0,GAME_OVER,48,47,2,591,Random,OSLA
1940495074,Checkers,0,GAME_OVER,48,47,2,592,Random,OSLA
590759866,Checkers,0,GAME_OVER,36,35,2,593,Random,OSLA
-905074915,Checkers,0,GAME_OVER,35,34,2,594,Random,OSLA
-340743260,Checkers,0,GAME_OVER,30,29,2,595,Random,OSLA
-1968904382,Checkers,0,GAME_OVER,50,49,2,596,Random,OSLA
1392186307,Checkers,0,GAME_OVER,51,50,2,597,Random,OSLA
429605358,Checkers,0,GAME_OVER,37,36,2,598,Random,OSLA
610951220,Checkers,0,GAME_OVER,30,29,2,599,Random,OSLA
-1403050357,Checkers,0,GAME_OVER,44,43,2,600,Random,OSLA
-1508076667,Checkers,0,GAME_OVER,37,36,2,601,Random,OSLA
2084081299,Checkers,0,GAME_OVER,42,41,2,602,Random,OSLA
682142504,Checkers,0,GAME_OVER,33,32,2,603,Random,OSLA
-1647225491,Checkers,0,GAME_OVER,32,31,2,604,Random,OSLA
-1253113869,Checkers,0,GAME_OVER,57,56,2,605,Random,OSLA
-2047110643,Checkers,0,GAME_OVER,38,37,2,606,Random,OSLA
-1684943794,Checkers,0,GAME_OVER,39,38,2,607,Random,OSLA
2094596869,Checkers,0,GAME_OVER,30,29,2,608,Random,OSLA
1214124544,Checkers,0,GAME_OVER,30,29,2,609,Random,OSLA
-395664214,Checkers,0,GAME_OVER,42,41,2,610,Random,OSLA
1518841779,Checkers,0,GAME_OVER,40,39,2,611,Random,OSLA
-731970959,Checkers,0,GAME_OVER,40,39,2,612,Random,OSLA
-1163815255,Checkers,0,GAME_OVER,37,36,2,613,Random,OSLA
-523563075,Checkers,0,GAME_OVER,35,34,2,614,Random,OSLA
-1874801852,Checkers,0,GAME_OVER,33,32,2,615,Random,OSLA
-1606475353,Checkers,0,GAME_OVER,45,44,2,616,Random,OSLA
911785785,Checkers,0,GAME_OVER,34,33,2,617,Random,OSLA
2127516305,Checkers,0,GAME_OVER,48,47,2,618,Random,OSLA
-2015448393,Checkers,0,GAME_OVER,37,36,2,619,Random,OSLA
-2064385662,Checkers,0,GAME_OVER,41,40,2,620,Random,OSLA
-265047608,Checkers,0,GAME_OVER,41,40,2,621,Random,OSLA
1202733722,Checkers,0,GAME_OVER,36,35,2,622,Random,OSLA
2038400427,Checkers,0,GAME_OVER,45,44,2,623,Random,OSLA
1403464477,Checkers,0,GAME_OVER,35,34,2,624,Random,OSLA
1522998788,Checkers,0,GAME_OVER,44,43,2,625,Random,OSLA
314276589,Checkers,0,GAME_OVER,42,41,2,626,Random,OSLA
-1040868339,Checkers,0,GAME_OVER,47,46,2,627,Random,OSLA
1819778660,Checkers,0,GAME_OVER,44,43,2,628,Random,OSLA
589158963,Checkers,0,GAME_OVER,40,39,2,629,Random,OSLA
-1642803471,Checkers,0,GAME_OVER,49,48,2,630,Random,OSLA
-601680706,Checkers,0,GAME_OVER,37,36,2,631,Random,OSLA
-473131545,Checkers,0,GAME_OVER,37,36,2,632,Random,OSLA
-665269128,Checkers,0,GAME_OVER,42,41,2,633,Random,OSLA
-1676692394,Checkers,0,GAME_OVER,33,32,2,634,Random,OSLA
-1439880590,Checkers,0,GAME_OVER,40,39,2,635,Random,OSLA
-978998287,Checkers,0,GAME_OVER,41,40,2,636,Random,OSLA
411935828,Checkers,0,GAME_OVER,49,48,2,637,Random,OSLA
1717622854,Checkers,0,GAME_OVER,39,38,2,638,Random,OSLA
-241863973,Checkers,0,GAME_OVER,39,38,2,639,Random,OSLA
138743001,Checkers,0,GAME_OVER,48,47,2,640,Random,OSLA
1897474159,Checkers,0,GAME_OVER,38,37,2,641,Random,OSLA
464999387,Checkers,0,GAME_OVER,43,42,2,642,Random,OSLA
-1920635899,Checkers,0,GAME_OVER,40,39,2,643,Random,OSLA
-409828713,Checkers,0,GAME_OVER,37,36,2,644,Random,OSLA
1218583704,Checkers,0,GAME_OVER,32,31,2,645,Random,OSLA
1632646096,Checkers,0,GAME_OVER,37,36,2,646,Random,OSLA
-1736770557,Checkers,0,GAME_OVER,46,45,2,647,Random,OSLA
-2123684455,Checkers,0,GAME_OVER,37,36,2,648,Random,OSLA
-514456566,Checkers,0,GAME_OVER,42,41,2,649,Random,OSLA
-66173062,Checkers,0,GAME_OVER,34,33,2,650,Random,OSLA
1615513291,Checkers,0,GAME_OVER,38,37,2,651,Random,OSLA
-1174747433,Checkers,0,GAME_OVER,34,33,2,652,Random,OSLA
179913713,Checkers,0,GAME_OVER,31,30,2,653,Random,OSLA
-825529608,Checkers,0,GAME_OVER,64,63,2,654,Random,OSLA
928480862,Checkers,0,GAME_OVER,40,39,2,655,Random,OSLA
460941093,Checkers,0,GAME_OVER,44,43,2,656,Random,OSLA
2012768812,Checkers,0,GAME_OVER,37,36,2,657,Random,OSLA
-717766487,Checkers,0,GAME_OVER,34,33,2,658,Random,OSLA
1647022379,Checkers,0,GAME_OVER,40,39,2,659,Random,OSLA
-1887940665,Checkers,0,GAME_OVER,37,36,2,660,Random,OSLA
-364864429,Checkers,0,GAME_OVER,43,42,2,661,Random,OSLA
1861127646,Checkers,0,GAME_OVER,42,41,2,662,Random,OSLA
1536481973,Checkers,0,GAME_OVER,45,44,2,663,Random,OSLA
1318035530,Checkers,0,GAME_OVER,31,30,2,664,Random,OSLA
-1031703814,Checkers,0,GAME_OVER,87,86,2,665,Random,OSLA
-1263554864,Checkers,0,GAME_OVER,32,31,2,666,Random,OSLA
959986291,Checkers,0,GAME_OVER,38,37,2,667,Random,OSLA
-760013051,Checkers,0,GAME_OVER,45,44,2,668,MCTS_v0,Random
165728500,Checkers,0,GAME_OVER,43,42,2,669,MCTS_v0,Random
1388765151,Checkers,0,GAME_OVER,33,32,2,670,MCTS_v0,Random
1718951435,Checkers,0,GAME_OVER,49,48,2,671,MCTS_v0,Random
-1064791289,Checkers,0,GAME_OVER,35,34,2,672,MCTS_v0,Random
-1636257134,Checkers,0,GAME_OVER,39,38,2,673,MCTS_v0,Random
1634360935,Checkers,0,GAME_OVER,41,40,2,674,MCTS_v0,Random
-1395887239,Checkers,0,GAME_OVER,32,31,2,675,MCTS_v0,Random
647952441,Checkers,0,GAME_OVER,42,41,2,676,MCTS_v0,Random
187093421,Checkers,0,GAME_OVER,40,39,2,677,MCTS_v0,Random
-373241072,Checkers,0,GAME_OVER,43,42,2,678,MCTS_v0,Random
521671885,Checkers,0,GAME_OVER,30,29,2,679,MCTS_v0,Random
-2052836645,Checkers,0,GAME_OVER,38,37,2,680,MCTS_v0,Random
291765727,Checkers,0,GAME_OVER,41,40,2,681,MCTS_v0,Random
1563472397,Checkers,0,GAME_OVER,37,36,2,682,MCTS_v0,Random
497858075,Checkers,0,GAME_OVER,38,37,2,683,MCTS_v0,Random
-1993918902,Checkers,0,GAME_OVER,28,27,2,684,MCTS_v0,Random
290353407,Checkers,0,GAME_OVER,42,41,2,685,MCTS_v0,Random
-417393078,Checkers,0,GAME_OVER,32,31,2,686,MCTS_v0,Random
269872713,Checkers,0,GAME_OVER,43,42,2,687,MCTS_v0,Random
-1852772662,Checkers,0,GAME_OVER,32,31,2,688,MCTS_v0,Random
-480546926,Checkers,0,GAME_OVER,31,30,2,689,MCTS_v0,Random
917043920,Checkers,0,GAME_OVER,42,41,2,690,MCTS_v0,Random
1521847961,Checkers,0,GAME_OVER,41,40,2,691,MCTS_v0,Random
-2045017210,Checkers,0,GAME_OVER,31,30,2,692,MCTS_v0,Random
-1214382976,Checkers,0,GAME_OVER,44,43,2,693,MCTS_v0,Random
-685662610,Checkers,0,GAME_OVER,40,39,2,694,MCTS_v0,Random
-1454874746,Checkers,0,GAME_OVER,38,37,2,695,MCTS_v0,Random
-1133693740,Checkers,0,GAME_OVER,32,31,2,696,MCTS_v0,Random
-1256680438,Checkers,0,GAME_OVER,34,33,2,697,MCTS_v0,Random
1690717589,Checkers,0,GAME_OVER,36,35,2,698,MCTS_v0,Random
607737556,Checkers,0,GAME_OVER,38,37,2,699,MCTS_v0,Random
-1576248644,Checkers,0,GAME_OVER,38,37,2,700,MCTS_v0,Random
1887117819,Checkers,0,GAME_OVER,34,33,2,701,MCTS_v0,Random
-691868029,Checkers,0,GAME_OVER,36,35,2,702,MCTS_v0,Random
1940495074,Checkers,0,GAME_OVER,44,43,2,703,MCTS_v0,Random
590759866,Checkers,0,GAME_OVER,36,35,2,704,MCTS_v0,Random
-905074915,Checkers,0,GAME_OVER,44,43,2,705,MCTS_v0,Random
-340743260,Checkers,0,GAME_OVER,32,31,2,706,MCTS_v0,Random
-1968904382,Checkers,0,GAME_OVER,40,39,2,707,MCTS_v0,Random
1392186307,Checkers,0,GAME_OVER,34,33,2,708,MCTS_v0,Random
429605358,Checkers,0,GAME_OVER,38,37,2,709,MCTS_v0,Random
610951220,Checkers,0,GAME_OVER,36,35,2,710,MCTS_v0,Random
-1403050357,Checkers,0,GAME_OVER,30,29,2,711,MCTS_v0,Random
-1508076667,Checkers,0,GAME_OVER,44,43,2,712,MCTS_v0,Random
2084081299,Checkers,0,GAME_OVER,38,37,2,713,MCTS_v0,Random
682142504,Checkers,0,GAME_OVER,45,44,2,714,MCTS_v0,Random
-1647225491,Checkers,0,GAME_OVER,49,48,2,715,MCTS_v0,Random
-1253113869,Checkers,0,GAME_OVER,37,36,2,716,MCTS_v0,Random
-2047110643,Checkers,0,GAME_OVER,39,38,2,717,MCTS_v0,Random
-1684943794,Checkers,0,GAME_OVER,36,35,2,718,MCTS_v0,Random
2094596869,Checkers,0,GAME_OVER,37,36,2,719,MCTS_v0,Random
1214124544,Checkers,0,GAME_OVER,36,35,2,720,MCTS_v0,Random
-395664214,Checkers,0,GAME_OVER,39,38,2,721,MCTS_v0,Random
1518841779,Checkers,0,GAME_OVER,35,34,2,722,MCTS_v0,Random
-731970959,Checkers,0,GAME_OVER,28,27,2,723,MCTS_v0,Random
-1163815255,Checkers,0,GAME_OVER,31,30,2,724,MCTS_v0,Random
-523563075,Checkers,0,GAME_OVER,40,39,2,725,MCTS_v0,Random
-1874801852,Checkers,0,GAME_OVER,47,46,2,726,MCTS_v0,Random
-1606475353,Checkers,0,GAME_OVER,43,42,2,727,MCTS_v0,Random
911785785,Checkers,0,GAME_OVER,76,75,2,728,MCTS_v0,Random
2127516305,Checkers,0,GAME_OVER,36,35,2,729,MCTS_v0,Random
-2015448393,Checkers,0,GAME_OVER,46,45,2,730,MCTS_v0,Random
-2064385662,Checkers,0,GAME_OVER,42,41,2,731,MCTS_v0,Random
-265047608,Checkers,0,GAME_OVER,32,31,2,732,MCTS_v0,Random
1202733722,Checkers,0,GAME_OVER,41,40,2,733,MCTS_v0,Random
2038400427,Checkers,0,GAME_OVER,40,39,2,734,MCTS_v0,Random
1403464477,Checkers,0,GAME_OVER,35,34,2,735,MCTS_v0,Random
1522998788,Checkers,0,GAME_OVER,43,42,2,736,MCTS_v0,Random
314276589,Checkers,0,GAME_OVER,37,36,2,737,MCTS_v0,Random
-1040868339,Checkers,0,GAME_OVER,37,36,2,738,MCTS_v0,Random
1819778660,Checkers,0,GAME_OVER,39,38,2,739,MCTS_v0,Random
589158963,Checkers,0,GAME_OVER,34,33,2,740,MCTS_v0,Random
-1642803471,Checkers,0,GAME_OVER,39,38,2,741,MCTS_v0,Random
-601680706,Checkers,0,GAME_OVER,48,47,2,742,MCTS_v0,Random
-473131545,Checkers,0,GAME_OVER,38,37,2,743,MCTS_v0,Random
-665269128,Checkers,0,GAME_OVER,39,38,2,744,MCTS_v0,Random
-1676692394,Checkers,0,GAME_OVER,39,38,2,745,MCTS_v0,Random
-1439880590,Checkers,0,GAME_OVER,34,33,2,746,MCTS_v0,Random
-978998287,Checkers,0,GAME_OVER,45,44,2,747,MCTS_v0,Random
411935828,Checkers,0,GAME_OVER,36,35,2,748,MCTS_v0,Random
1717622854,Checkers,0,GAME_OVER,47,46,2,749,MCTS_v0,Random
-241863973,Checkers,0,GAME_OVER,40,39,2,750,MCTS_v0,Random
138743001,Checkers,0,GAME_OVER,39,38,2,751,MCTS_v0,Random
1897474159,Checkers,0,GAME_OVER,24,23,2,752,MCTS_v0,Random
464999387,Checkers,0,GAME_OVER,38,37,2,753,MCTS_v0,Random
-1920635899,Checkers,0,GAME_OVER,47,46,2,754,MCTS_v0,Random
-409828713,Checkers,0,GAME_OVER,34,33,2,755,MCTS_v0,Random
1218583704,Checkers,0,GAME_OVER,52,51,2,756,MCTS_v0,Random
1632646096,Checkers,0,GAME_OVER,30,29,2,757,MCTS_v0,Random
-1736770557,Checkers,0,GAME_OVER,42,41,2,758,MCTS_v0,Random
-2123684455,Checkers,0,GAME_OVER,41,40,2,759,MCTS_v0,Random
-514456566,Checkers,0,GAME_OVER,39,38,2,760,MCTS_v0,Random
-66173062,Checkers,0,GAME_OVER,39,38,2,761,MCTS_v0,Random
1615513291,Checkers,0,GAME_OVER,45,44,2,762,MCTS_v0,Random
-1174747433,Checkers,0,GAME_OVER,42,41,2,763,MCTS_v0,Random
179913713,Checkers,0,GAME_OVER,42,41,2,764,MCTS_v0,Random
-825529608,Checkers,0,GAME_OVER,47,46,2,765,MCTS_v0,Random
928480862,Checkers,0,GAME_OVER,39,38,2,766,MCTS_v0,Random
460941093,Checkers,0,GAME_OVER,39,38,2,767,MCTS_v0,Random
2012768812,Checkers,0,GAME_OVER,51,50,2,768,MCTS_v0,Random
-717766487,Checkers,0,GAME_OVER,40,39,2,769,MCTS_v0,Random
1647022379,Checkers,0,GAME_OVER,35,34,2,770,MCTS_v0,Random
-1887940665,Checkers,0,GAME_OVER,36,35,2,771,MCTS_v0,Random
-364864429,Checkers,0,GAME_OVER,37,36,2,772,MCTS_v0,Random
1861127646,Checkers,0,GAME_OVER,38,37,2,773,MCTS_v0,Random
1536481973,Checkers,0,GAME_OVER,34,33,2,774,MCTS_v0,Random
1318035530,Checkers,0,GAME_OVER,40,39,2,775,MCTS_v0,Random
-1031703814,Checkers,0,GAME_OVER,41,40,2,776,MCTS_v0,Random
-1263554864,Checkers,0,GAME_OVER,42,41,2,777,MCTS_v0,Random
959986291,Checkers,0,GAME_OVER,51,50,2,778,MCTS_v0,Random
-760013051,Checkers,0,GAME_OVER,52,51,2,779,OSLA,Random
165728500,Checkers,0,GAME_OVER,40,39,2,780,OSLA,Random
1388765151,Checkers,0,GAME_OVER,42,41,2,781,OSLA,Random
1718951435,Checkers,0,GAME_OVER,35,34,2,782,OSLA,Random
-1064791289,Checkers,0,GAME_OVER,35,34,2,783,OSLA,Random
-1636257134,Checkers,0,GAME_OVER,41,40,2,784,OSLA,Random
1634360935,Checkers,0,GAME_OVER,32,31,2,785,OSLA,Random
-1395887239,Checkers,0,GAME_OVER,54,53,2,786,OSLA,Random
647952441,Checkers,0,GAME_OVER,45,44,2,787,OSLA,Random
187093421,Checkers,0,GAME_OVER,46,45,2,788,OSLA,Random
-373241072,Checkers,0,GAME_OVER,35,34,2,789,OSLA,Random
521671885,Checkers,0,GAME_OVER,36,35,2,790,OSLA,Random
-2052836645,Checkers,0,GAME_OVER,45,44,2,791,OSLA,Random
291765727,Checkers,0,GAME_OVER,25,24,2,792,OSLA,Random
1563472397,Checkers,0,GAME_OVER,35,34,2,793,OSLA,Random
497858075,Checkers,0,GAME_OVER,30,29,2,794,OSLA,Random
-1993918902,Checkers,0,GAME_OVER,41,40,2,795,OSLA,Random
290353407,Checkers,0,GAME_OVER,42,41,2,796,OSLA,Random
-417393078,Checkers,0,GAME_OVER,38,37,2,797,OSLA,Random
269872713,Checkers,0,GAME_OVER,37,36,2,798,OSLA,Random
-1852772662,Checkers,0,GAME_OVER,30,29,2,799,OSLA,Random
-480546926,Checkers,0,GAME_OVER,35,34,2,800,OSLA,Random
917043920,Checkers,0,GAME_OVER,36,35,2,801,OSLA,Random
1521847961,Checkers,0,GAME_OVER,26,25,2,802,OSLA,Random
-2045017210,Checkers,0,GAME_OVER,34,33,2,803,OSLA,Random
-1214382976,Checkers,0,GAME_OVER,41,40,2,804,OSLA,Random
-685662610,Checkers,0,GAME_OVER,41,40,2,805,OSLA,Random
-1454874746,Checkers,0,GAME_OVER,36,35,2,806,OSLA,Random
-1133693740,Checkers,0,GAME_OVER,36,35,2,807,OSLA,Random
-1256680438,Checkers,0,GAME_OVER,48,47,2,808,OSLA,Random
1690717589,Checkers,0,GAME_OVER,38,37,2,809,OSLA,Random
607737556,Checkers,0,GAME_OVER,40,39,2,810,OSLA,Random
-1576248644,Checkers,0,GAME_OVER,43,42,2,811,OSLA,Random
1887117819,Checkers,0,GAME_OVER,39,38,2,812,OSLA,Random
-691868029,Checkers,0,GAME_OVER,37,36,2,813,OSLA,Random
1940495074,Checkers,0,GAME_OVER,40,39,2,814,OSLA,Random
590759866,Checkers,0,GAME_OVER,42,41,2,815,OSLA,Random
-905074915,Checkers,0,GAME_OVER,53,52,2,816,OSLA,Random
-340743260,Checkers,0,GAME_OVER,46,45,2,817,OSLA,Random
-1968904382,Checkers,0,GAME_OVER,43,42,2,818,OSLA,Random
1392186307,Checkers,0,GAME_OVER,34,33,2,819,OSLA,Random
429605358,Checkers,0,GAME_OVER,38,37,2,820,OSLA,Random
610951220,Checkers,0,GAME_OVER,32,31,2,821,OSLA,Random
-1403050357,Checkers,0,GAME_OVER,38,37,2,822,OSLA,Random
-1508076667,Checkers,0,GAME_OVER,46,45,2,823,OSLA,Random
2084081299,Checkers,0,GAME_OVER,33,32,2,824,OSLA,Random
682142504,Checkers,0,GAME_OVER,39,38,2,825,OSLA,Random
-1647225491,Checkers,0,GAME_OVER,33,32,2,826,OSLA,Random
-1253113869,Checkers,0,GAME_OVER,32,31,2,827,OSLA,Random
-2047110643,Checkers,0,GAME_OVER,49,48,2,828,OSLA,Random
-1684943794,Checkers,0,GAME_OVER,31,30,2,829,OSLA,Random
2094596869,Checkers,0,GAME_OVER,33,32,2,830,OSLA,Random
1214124544,Checkers,0,GAME_OVER,47,46,2,831,OSLA,Random
-395664214,Checkers,0,GAME_OVER,42,41,2,832,OSLA,Random
1518841779,Checkers,0,GAME_OVER,36,35,2,833,OSLA,Random
-731970959,Checkers,0,GAME_OVER,38,37,2,834,OSLA,Random
-1163815255,Checkers,0,GAME_OVER,40,39,2,835,OSLA,Random
-523563075,Checkers,0,GAME_OVER,42,41,2,836,OSLA,Random
-1874801852,Checkers,0,GAME_OVER,40,39,2,837,OSLA,Random
-1606475353,Checkers,0,GAME_OVER,40,39,2,838,OSLA,Random
911785785,Checkers,0,GAME_OVER,30,29,2,839,OSLA,Random
2127516305,Checkers,0,GAME_OVER,29,28,2,840,OSLA,Random
-2015448393,Checkers,0,GAME_OVER,36,35,2,841,OSLA,Random
-2064385662,Checkers,0,GAME_OVER,33,32,2,842,OSLA,Random
-265047608,Checkers,0,GAME_OVER,35,34,2,843,OSLA,Random
1202733722,Checkers,0,GAME_OVER,31,30,2,844,OSLA,Random
2038400427,Checkers,0,GAME_OVER,42,41,2,845,OSLA,Random
1403464477,Checkers,0,GAME_OVER,42,41,2,846,OSLA,Random
1522998788,Checkers,0,GAME_OVER,36,35,2,847,OSLA,Random
314276589,Checkers,0,GAME_OVER,31,30,2,848,OSLA,Random
-1040868339,Checkers,0,GAME_OVER,42,41,2,849,OSLA,Random
1819778660,Checkers,0,GAME_OVER,42,41,2,850,OSLA,Random
589158963,Checkers,0,GAME_OVER,34,33,2,851,OSLA,Random
-1642803471,Checkers,0,GAME_OVER,36,35,2,852,OSLA,Random
-601680706,Checkers,0,GAME_OVER,41,40,2,853,OSLA,Random
-473131545,Checkers,0,GAME_OVER,40,39,2,854,OSLA,Random
-665269128,Checkers,0,GAME_OVER,35,34,2,855,OSLA,Random
-1676692394,Checkers,0,GAME_OVER,51,50,2,856,OSLA,Random
-1439880590,Checkers,0,GAME_OVER,39,38,2,857,OSLA,Random
-978998287,Checkers,0,GAME_OVER,47,46,2,858,OSLA,Random
411935828,Checkers,0,GAME_OVER,43,42,2,859,OSLA,Random
1717622854,Checkers,0,GAME_OVER,43,42,2,860,OSLA,Random
-241863973,Checkers,0,GAME_OVER,67,66,2,861,OSLA,Random
138743001,Checkers,0,GAME_OVER,34,33,2,862,OSLA,Random
1897474159,Checkers,0,GAME_OVER,33,32,2,863,OSLA,Random
464999387,Checkers,0,GAME_OVER,43,42,2,864,OSLA,Random
-1920635899,Checkers,0,GAME_OVER,37,36,2,865,OSLA,Random
-409828713,Checkers,0,GAME_OVER,40,39,2,866,OSLA,Random
1218583704,Checkers,0,GAME_OVER,38,37,2,867,OSLA,Random
1632646096,Checkers,0,GAME_OVER,39,38,2,868,OSLA,Random
-1736770557,Checkers,0,GAME_OVER,51,50,2,869,OSLA,Random
-2123684455,Checkers,0,GAME_OVER,36,35,2,870,OSLA,Random
-514456566,Checkers,0,GAME_OVER,35,34,2,871,OSLA,Random
-66173062,Checkers,0,GAME_OVER,37,36,2,872,OSLA,Random
1615513291,Checkers,0,GAME_OVER,38,37,2,873,OSLA,Random
-1174747433,Checkers,0,GAME_OVER,30,29,2,874,OSLA,Random
179913713,Checkers,0,GAME_OVER,36,35,2,875,OSLA,Random
-825529608,Checkers,0,GAME_OVER,42,41,2,876,OSLA,Random
928480862,Checkers,0,GAME_OVER,34,33,2,877,OSLA,Random
460941093,Checkers,0,GAME_OVER,38,37,2,878,OSLA,Random
2012768812,Checkers,0,GAME_OVER,45,44,2,879,OSLA,Random
-717766487,Checkers,0,GAME_OVER,46,45,2,880,OSLA,Random
1647022379,Checkers,0,GAME_OVER,32,31,2,881,OSLA,Random
-1887940665,Checkers,0,GAME_OVER,32,31,2,882,OSLA,Random
-364864429,Checkers,0,GAME_OVER,43,42,2,883,OSLA,Random
1861127646,Checkers,0,GAME_OVER,28,27,2,884,OSLA,Random
1536481973,Checkers,0,GAME_OVER,40,39,2,885,OSLA,Random
1318035530,Checkers,0,GAME_OVER,36,35,2,886,OSLA,Random
-1031703814,Checkers,0,GAME_OVER,30,29,2,887,OSLA,Random
-1263554864,Checkers,0,GAME_OVER,40,39,2,888,OSLA,Random
959986291,Checkers,0,GAME_OVER,39,38,2,889,OSLA,Random
-760013051,Checkers,0,GAME_OVER,66,65,2,890,Random,Random
165728500,Checkers,0,GAME_OVER,61,60,2,891,Random,Random
1388765151,Checkers,0,GAME_OVER,63,62,2,892,Random,Random
1718951435,Checkers,0,GAME_OVER,44,43,2,893,Random,Random
-1064791289,Checkers,0,GAME_OVER,60,59,2,894,Random,Random
-1636257134,Checkers,0,GAME_OVER,43,42,2,895,Random,Random
1634360935,Checkers,0,GAME_OVER,50,49,2,896,Random,Random
-1395887239,Checkers,0,GAME_OVER,43,42,2,897,Random,Random
647952441,Checkers,0,GAME_OVER,60,59,2,898,Random,Random
187093421,Checkers,0,GAME_OVER,47,46,2,899,Random,Random
-373241072,Checkers,0,GAME_OVER,44,43,2,900,Random,Random
521671885,Checkers,0,GAME_OVER,47,46,2,901,Random,Random
-2052836645,Checkers,0,GAME_OVER,53,52,2,902,Random,Random
291765727,Checkers,0,GAME_OVER,91,90,2,903,Random,Random
1563472397,Checkers,0,GAME_OVER,54,53,2,904,Random,Random
497858075,Checkers,0,GAME_OVER,45,44,2,905,Random,Random
-1993918902,Checkers,0,GAME_OVER,63,62,2,906,Random,Random
290353407,Checkers,0,GAME_OVER,75,74,2,907,Random,Random
-417393078,Checkers,0,GAME_OVER,66,65,2,908,Random,Random
269872713,Checkers,0,GAME_OVER,49,48,2,909,Random,Random
-1852772662,Checkers,0,GAME_OVER,46,45,2,910,Random,Random
-480546926,Checkers,0,GAME_OVER,38,37,2,911,Random,Random
917043920,Checkers,0,GAME_OVER,50,49,2,912,Random,Random
1521847961,Checkers,0,GAME_OVER,40,39,2,913,Random,Random
-2045017210,Checkers,0,GAME_OVER,35,34,2,914,Random,Random
-1214382976,Checkers,0,GAME_OVER,46,45,2,915,Random,Random
-685662610,Checkers,0,GAME_OVER,46,45,2,916,Random,Random
-1454874746,Checkers,0,GAME_OVER,43,42,2,917,Random,Random
-1133693740,Checkers,0,GAME_OVER,52,51,2,918,Random,Random
-1256680438,Checkers,0,GAME_OVER,29,28,2,919,Random,Random
1690717589,Checkers,0,GAME_OVER,49,48,2,920,Random,Random
607737556,Checkers,0,GAME_OVER,45,44,2,921,Random,Random
-1576248644,Checkers,0,GAME_OVER,42,41,2,922,Random,Random
1887117819,Checkers,0,GAME_OVER,44,43,2,923,Random,Random
-691868029,Checkers,0,GAME_OVER,51,50,2,924,Random,Random
1940495074,Checkers,0,GAME_OVER,36,35,2,925,Random,Random
590759866,Checkers,0,GAME_OVER,41,40,2,926,Random,Random
-905074915,Checkers,0,GAME_OVER,76,75,2,927,Random,Random
-340743260,Checkers,0,GAME_OVER,44,43,2,928,Random,Random
-1968904382,Checkers,0,GAME_OVER,36,35,2,929,Random,Random
1392186307,Checkers,0,GAME_OVER,58,57,2,930,Random,Random
429605358,Checkers,0,GAME_OVER,46,45,2,931,Random,Random
610951220,Checkers,0,GAME_OVER,35,34,2,932,Random,Random
-1403050357,Checkers,0,GAME_OVER,43,42,2,933,Random,Random
-1508076667,Checkers,0,GAME_OVER,38,37,2,934,Random,Random
2084081299,Checkers,0,GAME_OVER,50,49,2,935,Random,Random
682142504,Checkers,0,GAME_OVER,58,57,2,936,Random,Random
-1647225491,Checkers,0,GAME_OVER,38,37,2,937,Random,Random
-1253113869,Checkers,0,GAME_OVER,54,53,2,938,Random,Random
-2047110643,Checkers,0,GAME_OVER,40,39,2,939,Random,Random
-1684943794,Checkers,0,GAME_OVER,43,42,2,940,Random,Random
2094596869,Checkers,0,GAME_OVER,46,45,2,941,Random,Random
1214124544,Checkers,0,GAME_OVER,50,49,2,942,Random,Random
-395664214,Checkers,0,GAME_OVER,47,46,2,943,Random,Random
1518841779,Checkers,0,GAME_OVER,42,41,2,944,Random,Random
-731970959,Checkers,0,GAME_OVER,43,42,2,945,Random,Random
-1163815255,Checkers,0,GAME_OVER,46,45,2,946,Random,Random
-523563075,Checkers,0,GAME_OVER,66,65,2,947,Random,Random
-1874801852,Checkers,0,GAME_OVER,47,46,2,948,Random,Random
-1606475353,Checkers,0,GAME_OVER,43,42,2,949,Random,Random
911785785,Checkers,0,GAME_OVER,41,40,2,950,Random,Random
2127516305,Checkers,0,GAME_OVER,45,44,2,951,Random,Random
-2015448393,Checkers,0,GAME_OVER,74,73,2,952,Random,Random
-2064385662,Checkers,0,GAME_OVER,40,39,2,953,Random,Random
-265047608,Checkers,0,GAME_OVER,50,49,2,954,Random,Random
1202733722,Checkers,0,GAME_OVER,59,58,2,955,Random,Random
2038400427,Checkers,0,GAME_OVER,46,45,2,956,Random,Random
1403464477,Checkers,0,GAME_OVER,36,35,2,957,Random,Random
1522998788,Checkers,0,GAME_OVER,45,44,2,958,Random,Random
314276589,Checkers,0,GAME_OVER,67,66,2,959,Random,Random
-1040868339,Checkers,0,GAME_OVER,52,51,2,960,Random,Random
1819778660,Checkers,0,GAME_OVER,47,46,2,961,Random,Random
589158963,Checkers,0,GAME_OVER,46,45,2,962,Random,Random
-1642803471,Checkers,0,GAME_OVER,58,57,2,963,Random,Random
-601680706,Checkers,0,GAME_OVER,38,37,2,964,Random,Random
-473131545,Checkers,0,GAME_OVER,34,33,2,965,Random,Random
-665269128,Checkers,0,GAME_OVER,45,44,2,966,Random,Random
-1676692394,Checkers,0,GAME_OVER,29,28,2,967,Random,Random
-1439880590,Checkers,0,GAME_OVER,45,44,2,968,Random,Random
-978998287,Checkers,0,GAME_OVER,57,56,2,969,Random,Random
411935828,Checkers,0,GAME_OVER,38,37,2,970,Random,Random
1717622854,Checkers,0,GAME_OVER,59,58,2,971,Random,Random
-241863973,Checkers,0,GAME_OVER,39,38,2,972,Random,Random
138743001,Checkers,0,GAME_OVER,54,53,2,973,Random,Random
1897474159,Checkers,0,GAME_OVER,42,41,2,974,Random,Random
464999387,Checkers,0,GAME_OVER,45,44,2,975,Random,Random
-1920635899,Checkers,0,GAME_OVER,53,52,2,976,Random,Random
-409828713,Checkers,0,GAME_OVER,44,43,2,977,Random,Random
1218583704,Checkers,0,GAME_OVER,48,47,2,978,Random,Random
1632646096,Checkers,0,GAME_OVER,47,46,2,979,Random,Random
-1736770557,Checkers,0,GAME_OVER,41,40,2,980,Random,Random
-2123684455,Checkers,0,GAME_OVER,52,51,2,981,Random,Random
-514456566,Checkers,0,GAME_OVER,50,49,2,982,Random,Random
-66173062,Checkers,0,GAME_OVER,44,43,2,983,Random,Random
1615513291,Checkers,0,GAME_OVER,46,45,2,984,Random,Random
-1174747433,Checkers,0,GAME_OVER,66,65,2,985,Random,Random
179913713,Checkers,0,GAME_OVER,45,44,2,986,Random,Random
-825529608,Checkers,0,GAME_OVER,39,38,2,987,Random,Random
928480862,Checkers,0,GAME_OVER,38,37,2,988,Random,Random
460941093,Checkers,0,GAME_OVER,46,45,2,989,Random,Random
2012768812,Checkers,0,GAME_OVER,40,39,2,990,Random,Random
-717766487,Checkers,0,GAME_OVER,38,37,2,991,Random,Random
1647022379,Checkers,0,GAME_OVER,60,59,2,992,Random,Random
-1887940665,Checkers,0,GAME_OVER,37,36,2,993,Random,Random
-364864429,Checkers,0,GAME_OVER,36,35,2,994,Random,Random
1861127646,Checkers,0,GAME_OVER,43,42,2,995,Random,Random
1536481973,Checkers,0,GAME_OVER,47,46,2,996,Random,Random
1318035530,Checkers,0,GAME_OVER,38,37,2,997,Random,Random
-1031703814,Checkers,0,GAME_OVER,46,45,2,998,Random,Random
-1263554864,Checkers,0,GAME_OVER,61,60,2,999,Random,Random
959986291,Checkers,0,GAME_OVER,37,36,2,1000,Random,Random
